common_name,scientific_name,latitude,longitude,category,rarity
Grillon champêtre,Gryllus campestris,50.39283,3.50307,insect,common
Grand capricorne,Cerambyx cerdo,43.29888,5.73028,insect,rare
Hérisson coralloïde,Hericium coralloides,44.53993,-0.92884,fungus,rare
Amadouvier,Fomes fomentarius,43.40564,5.2512,fungus,common
Saule herbacé,Salix herbacea,48.68877,1.85521,tree,rare
Proserpine,Zerynthia rumina,43.56282,4.05498,insect,rare
Lotier corniculé,Lotus corniculatus,44.61709,-1.18649,plant,common
Joubarbe des toits,Sempervivum tectorum,49.06993,1.79479,plant,common
Clinochlore,Clinochlore,45.3757,4.64242,rock,common
Merisier,Prunus avium,50.80541,2.7761,tree,common
Massette à larges feuilles,Typha latifolia,49.11829,1.76899,plant,common
Coulemelle,Macrolepiota procera,44.53225,-0.94371,fungus,common
Anémone des bois,Anemone nemorosa,43.57293,4.07022,plant,common
Globulaire alypum,Globularia alypum,43.42785,5.22233,plant,uncommon
Gagée jaune,Gagea lutea,46.00029,4.93965,plant,uncommon
Criquet des dunes,Calephorus compressicornis,43.5722,4.0259,insect,rare
Canneberge,Vaccinium oxycoccos,43.49894,3.77956,plant,rare
Azurite,Azurite,43.33472,5.4242,rock,common
Sphalérite,Sphalerite,45.82653,4.95362,rock,common
Lactaire poivré,Lactifluus piperatus,44.54577,-1.23608,fungus,common
Tilleul à petites feuilles,Tilia cordata,50.47445,3.46366,tree,common
Cuivré commun,Lycaena phlaeas,49.06505,2.11648,insect,common
Marguerite commune,Leucanthemum vulgare,50.79414,2.74396,plant,common
Laurier-tin,Viburnum tinus,43.40305,5.26807,tree,common
Peuplier tremble,Populus tremula,49.08686,2.08478,tree,common
Romarin officinal,Salvia rosmarinus,43.81435,3.55479,plant,common
Menthe aquatique,Mentha aquatica,49.11163,2.09712,plant,common
Disthène,Kyanite,43.33575,5.76429,rock,rare
Ortie dioïque,Urtica dioica,49.13416,1.76666,plant,common
Azuré du trèfle,Cyaniris semiargus,44.5504,-0.91779,insect,common
Lavande vraie,Lavandula angustifolia,50.75241,2.69401,plant,common
Primevère officinale,Primula veris,43.48832,3.77386,plant,common
Gagée jaune,Gagea lutea,43.17524,5.40111,plant,uncommon
Tricholome terreux,Tricholoma terreum,48.41248,2.70634,fungus,common
Vesse-de-loup perlée,Lycoperdon perlatum,45.36748,4.70988,fungus,common
Hygrocybe conique,Hygrocybe conica,43.77974,3.82878,fungus,common
Ophrys abeille,Ophrys apifera,43.4325,5.28523,plant,common
Agrion élégant,Ischnura elegans,45.99483,4.91579,insect,common
Cuprite,Cuprite,43.85537,3.57566,rock,uncommon
Coronille naine,Coronilla minima,44.62934,-1.20743,plant,uncommon
Hellébore vert,Helleborus viridis,43.33828,5.46325,plant,uncommon
Ortie dioïque,Urtica dioica,44.54652,-0.62549,plant,common
Orchis militaire,Orchis militaris,44.60495,-0.95645,plant,uncommon
Sabot de Vénus,Cypripedium calceolus,43.41766,5.39601,plant,very_rare
Volucelle zonée,Volucella zonaria,49.13491,2.10504,insect,uncommon
Lactaire sanguin,Lactarius sanguifluus,43.29914,5.72311,fungus,uncommon
Orycte nasicorne,Oryctes nasicornis,43.82455,3.57136,insect,uncommon
Coulemelle,Macrolepiota procera,45.35686,4.69227,fungus,common
Coprin noir d'encre,Coprinopsis atramentaria,43.2125,5.39787,fungus,common
Saxifrage paniculée,Saxifraga paniculata,43.84396,3.62725,plant,uncommon
Lavande aspic,Lavandula latifolia,43.8079,3.57835,plant,common
Russule ochracée,Russula ochroleuca,45.96517,4.93405,fungus,common
Gyromitre en turban,Gyromitra infula,44.46185,-0.66839,fungus,rare
Chèvrefeuille des bois,Lonicera periclymenum,44.56628,-1.20764,plant,common
Immortelle d'Italie,Helichrysum italicum,44.57432,-0.91418,plant,common
Abeille domestique,Apis mellifera,45.37241,4.65253,insect,common
Achillée millefeuille,Achillea millefolium,45.01476,-1.16499,plant,common
Bourdaine,Frangula alnus,49.05178,1.73609,tree,common
Bolet pulvérulent,Cyanoboletus pulverulentus,44.46244,-0.64423,fungus,uncommon
Cuprite,Cuprite,50.41109,3.51473,rock,uncommon
Violette odorante,Viola odorata,45.83887,4.79125,plant,common
Cérusite,Cerussite,43.80531,3.77437,rock,uncommon
Cordulie bronzée,Cordulia aenea,48.61101,1.81971,insect,common
Chèvrefeuille des bois,Lonicera periclymenum,44.6236,-1.21087,plant,common
Érable plane,Acer platanoides,48.41137,2.69805,tree,common
Spodumène,Spodumene,48.61337,1.84975,rock,rare
Paon-du-jour,Aglais io,43.17275,5.42138,insect,common
Piéride du chou,Pieris brassicae,43.5941,4.05844,insect,common
Paxille enroulé,Paxillus involutus,43.47626,3.76818,fungus,common
Doigts de mort,Xylaria polymorpha,48.39721,2.69002,fungus,common
Laccaire améthyste,Laccaria amethystina,43.48605,3.75721,fungus,common
Fluorite,Fluorite,43.35775,5.76105,rock,common
Criquet italien,Calliptamus italicus,50.74821,2.71568,insect,common
Ophrys araignée,Ophrys sphegodes,45.01623,-1.18359,plant,uncommon
Adonis de printemps,Adonis vernalis,44.57549,-0.97004,plant,rare
Marasme des oréades,Marasmius oreades,48.60737,1.87091,fungus,common
Coprin noir d'encre,Coprinopsis atramentaria,43.17055,5.39402,fungus,common
Bourdon terrestre,Bombus terrestris,43.38826,5.4319,insect,common
Primevère officinale,Primula veris,45.97525,4.94351,plant,common
Topaze,Topaz,48.66135,1.79359,rock,rare
Bouleau verruqueux,Betula pendula,50.58524,3.16054,tree,common
Saule herbacé,Salix herbacea,45.03653,-1.2225,tree,rare
Lavande aspic,Lavandula latifolia,45.00529,-1.20021,plant,common
Sauterelle ponctuée,Leptophyes punctatissima,49.12215,1.78039,insect,common
Lépiote déguenillée,Chlorophyllum rhacodes,45.39026,4.64444,fungus,common
Bolet à beau pied,Caloboletus calopus,45.01073,-1.15666,fungus,uncommon
Sapin pectiné,Abies alba,43.36287,5.75419,tree,common
Adonis d'été,Adonis aestivalis,43.7562,3.82951,plant,rare
Laurier-tin,Viburnum tinus,48.67707,1.86721,tree,common
Chêne sessile,Quercus petraea,43.35423,5.73315,tree,common
Aulne odorant,Alnus alnobetula subsp. suaveolens,44.52281,-0.64303,tree,rare
Orycte nasicorne,Oryctes nasicornis,49.08009,1.75396,insect,uncommon
Nénuphar blanc,Nymphaea alba,44.60583,-1.24839,plant,common
Asphodèle blanc,Asphodelus albus,50.45232,3.45814,plant,uncommon
Thym serpolet,Thymus serpyllum,45.90575,4.76388,plant,common
Orpin de Nice,Sedum sediforme,46.0009,4.92327,plant,common
Actinote,Actinolite,43.52315,3.76763,rock,uncommon
Giroflée des dunes,Matthiola sinuata,50.67627,2.89146,plant,uncommon
Hygrophore des prés,Cuphophyllus pratensis,49.12523,2.07081,fungus,common
Reine-des-prés,Filipendula ulmaria,44.52423,-0.64348,plant,common
Annabergite,Annabergite,44.61266,-1.17064,rock,rare
Chêne pédonculé,Quercus robur,50.6407,2.86935,tree,common
Pied bleu,Lepista nuda,50.7992,2.7093,fungus,common
Charme commun,Carpinus betulus,49.08991,1.74294,tree,common
Perce-oreille commun,Forficula auricularia,43.52607,3.9976,insect,common
Gyromitre en turban,Gyromitra infula,43.76895,3.85056,fungus,rare
Caloptéryx éclatant,Calopteryx splendens,43.79263,3.60098,insect,common
Globulaire alypum,Globularia alypum,43.47891,3.76678,plant,uncommon
Azuré commun,Polyommatus icarus,45.39534,4.65696,insect,common
Sauge officinale,Salvia officinalis,43.53084,4.0583,plant,uncommon
Clitocybe inversé,Lepista flaccida,43.60426,3.99554,fungus,common
Criquet italien,Calliptamus italicus,45.37761,4.7241,insect,common
Cuprite,Cuprite,43.24673,5.43374,rock,uncommon
Xylocope violet,Xylocopa violacea,49.07324,1.80161,insect,common
Orme champêtre,Ulmus minor,43.24924,5.41464,tree,uncommon
Chêne kermès,Quercus coccifera,43.79885,3.59296,tree,common
Microcline,Microcline,44.58935,-0.92733,rock,common
Saule à oreillettes,Salix aurita,43.54162,3.82116,tree,uncommon
Cousin géant,Tipula maxima,48.64791,1.87789,insect,common
Phellodon noir,Phellodon niger,43.38128,5.25877,fungus,rare
Canneberge,Vaccinium oxycoccos,43.8074,3.62917,plant,rare
Semi-apollon,Parnassius mnemosyne,45.03483,-1.19527,insect,rare
Orchis pyramidal,Anacamptis pyramidalis,50.6247,2.87737,plant,common
Cerisier de Sainte-Lucie,Prunus mahaleb,44.59947,-1.19209,tree,uncommon
Tricholome équestre,Tricholoma equestre,50.52232,3.15739,fungus,uncommon
Oreille-de-Judas,Auricularia auricula-judae,49.12414,1.78926,fungus,common
Caloptéryx éclatant,Calopteryx splendens,50.67743,2.81744,insect,common
Trèfle des prés,Trifolium pratense,43.29209,5.74039,plant,common
Grillon champêtre,Gryllus campestris,45.83202,4.79858,insect,common
Épicéa commun,Picea abies,46.00067,4.95491,tree,common
Actinote,Actinolite,45.41,4.71324,rock,uncommon
Buis commun,Buxus sempervirens,48.44509,2.74118,tree,common
Punaise verte,Palomena prasina,45.9788,4.99161,insect,common
Helvelle lacuneuse,Helvella lacunosa,45.38342,4.65597,fungus,uncommon
Aeschne bleue,Aeshna cyanea,44.54786,-0.93186,insect,common
Euphorbe characias,Euphorbia characias,43.22174,5.40173,plant,common
Centaurée jacée,Centaurea jacea,48.62242,1.87716,plant,common
Trompette de la mort,Craterellus cornucopioides,50.77578,2.76921,fungus,common
Fadet des garrigues,Coenonympha dorus,43.39377,5.28754,insect,uncommon
Russule verdoyante,Russula virescens,43.2255,5.40132,fungus,uncommon
Fadet des garrigues,Coenonympha dorus,50.77853,2.74044,insect,uncommon
Sympétrum rouge sang,Sympetrum sanguineum,43.5437,4.05214,insect,common
Aeschne bleue,Aeshna cyanea,43.37012,5.4222,insect,common
Liseron soldanelle,Calystegia soldanella,44.56459,-0.93639,plant,common
Hygrocybe conique,Hygrocybe conica,50.51812,3.11059,fungus,common
Orchis bouffon,Anacamptis morio,43.24634,5.44144,plant,uncommon
Russule comestible,Russula vesca,43.8207,3.79442,fungus,common
Helvelle lacuneuse,Helvella lacunosa,45.90635,4.82612,fungus,uncommon
Muscovite,Muscovite,43.50999,3.81249,rock,common
Gagée jaune,Gagea lutea,43.52469,3.83118,plant,uncommon
Charme commun,Carpinus betulus,43.42365,5.27977,tree,common
Criquet italien,Calliptamus italicus,45.86697,4.76052,insect,common
Piéride de la rave,Pieris rapae,49.09154,1.74115,insect,common
Blatte des bois,Ectobius sylvestris,49.1033,2.08255,insect,common
Disthène,Kyanite,43.7874,3.77373,rock,rare
Andalousite,Andalusite,43.4121,5.24064,rock,uncommon
Aeschne bleue,Aeshna cyanea,50.73988,2.76447,insect,common
Airelle rouge,Vaccinium vitis-idaea,50.46662,3.50627,plant,common
Decticelle cendrée,Pholidoptera griseoaptera,43.8117,3.57302,insect,common
Consoude officinale,Symphytum officinale,48.63903,1.85652,plant,common
Olivier sauvage,Olea europaea var. sylvestris,44.566,-0.92857,tree,uncommon
Polypore marginé,Fomitopsis pinicola,48.3959,2.67689,fungus,common
Ciste à feuilles de sauge,Cistus salviifolius,45.34264,4.71577,plant,common
Bourdon des pierres,Bombus lapidarius,43.38056,5.23046,insect,common
Apatite,Apatite,43.54918,4.05806,rock,uncommon
Paon-du-jour,Aglais io,43.35979,5.42537,insect,common
Amanite citrine,Amanita citrina,49.13449,1.80376,fungus,common
Actinote,Actinolite,45.83452,4.98399,rock,uncommon
Salicorne d'Europe,Salicornia europaea,48.36525,2.72609,plant,common
Albite,Albite,48.67017,1.8391,rock,common
Jonquille,Narcissus pseudonarcissus,43.23388,5.44947,plant,common
Bolet rude,Leccinum scabrum,43.5123,3.81088,fungus,common
Saule blanc,Salix alba,49.06424,1.79747,tree,common
Cigale rouge,Tibicina haematodes,43.22288,5.41575,insect,uncommon
Volucelle zonée,Volucella zonaria,48.62692,1.84704,insect,uncommon
Azuré du serpolet,Phengaris arion,49.11921,2.08601,insect,rare
Sauge des prés,Salvia pratensis,43.76638,3.77912,plant,common
Armérie maritime,Armeria maritima,50.39331,3.49112,plant,common
Perce-oreille commun,Forficula auricularia,44.57614,-1.18787,insect,common
Violette odorante,Viola odorata,43.37798,5.28039,plant,common
Bolet satan,Boletus satanas,43.56103,4.05481,fungus,rare
Russule verdoyante,Russula virescens,44.60539,-0.9375,fungus,uncommon
Brochantite,Brochantite,43.38882,5.4183,rock,uncommon
Grillon champêtre,Gryllus campestris,44.53279,-0.67875,insect,common
Romarin officinal,Salvia rosmarinus,43.59851,4.06461,plant,common
Marasme des oréades,Marasmius oreades,43.83248,3.55619,fungus,common
Linarite,Linarite,43.8167,3.62622,rock,rare
Sylvain azuré,Limenitis reducta,43.85849,3.58946,insect,uncommon
Lépiote déguenillée,Chlorophyllum rhacodes,45.88468,4.77577,fungus,common
Aulne vert,Alnus viridis,43.82496,3.60438,tree,uncommon
Orpin blanc,Sedum album,48.64464,1.84802,plant,common
Lactaire à lait jaune,Lactarius chrysorrheus,44.60706,-0.90429,fungus,uncommon
Orme de montagne,Ulmus glabra,49.07821,2.07734,tree,uncommon
Russule charbonnière,Russula cyanoxantha,43.18224,5.42724,fungus,common
Myrtille,Vaccinium myrtillus,45.84565,5.02276,plant,common
Citron,Gonepteryx rhamni,50.66729,2.83806,insect,common
Grand paon de nuit,Saturnia pyri,50.81578,2.69877,insect,uncommon
Chêne pédonculé,Quercus robur,44.53184,-0.9294,tree,common
Carabe à reflet d'or,Carabus auronitens,43.36485,5.71459,insect,common
Leucorrhine à large queue,Leucorrhinia caudalis,49.06133,2.07314,insect,rare
Primevère officinale,Primula veris,44.57849,-0.93448,plant,common
Lis maritime,Pancratium maritimum,45.4079,4.65591,plant,rare
Peuplier blanc,Populus alba,44.46886,-0.66967,tree,common
Blatte des bois,Ectobius sylvestris,43.39679,5.21162,insect,common
Grenat andradite,Andradite,50.56926,3.18368,rock,rare
Xylocope violet,Xylocopa violacea,43.54468,4.06964,insect,common
Fusain d'Europe,Euonymus europaeus,50.52133,3.17901,tree,common
Aragonite,Aragonite,49.06813,2.06847,rock,common
Euphorbe maritime,Euphorbia paralias,48.40435,2.70177,plant,common
Amanite tue-mouches,Amanita muscaria,43.49363,3.76321,fungus,common
Semi-apollon,Parnassius mnemosyne,49.06947,1.79503,insect,rare
Amanite rougissante,Amanita rubescens,50.65379,2.8208,fungus,common
Lactaire calme,Lactarius quietus,43.79881,3.8212,fungus,common
Oedémère noble,Oedemera nobilis,48.37687,2.69549,insect,common
Sorbier des Alpes,Sorbus chamaemespilus,48.65255,1.86218,tree,rare
Centaurée jacée,Centaurea jacea,44.54601,-0.62671,plant,common
Eupatoire chanvrine,Eupatorium cannabinum,49.09033,2.07196,plant,common
Cèpe d'été,Boletus reticulatus,43.36715,5.72688,fungus,common
Grassette commune,Pinguicula vulgaris,43.82111,3.8309,plant,uncommon
Smithsonite,Smithsonite,49.10946,2.13059,rock,uncommon
Lis martagon,Lilium martagon,43.30035,5.78873,plant,rare
Chêne tauzin,Quercus pyrenaica,43.77873,3.82793,tree,uncommon
Rosalie des Alpes,Rosalia alpina,50.38605,3.53709,insect,rare
Bruyère tétralix,Erica tetralix,50.60914,2.82855,plant,uncommon
Marcasite,Marcasite,43.5479,4.04461,rock,common
Fadet des garrigues,Coenonympha dorus,43.42722,5.28162,insect,uncommon
Cousin géant,Tipula maxima,43.34879,5.74098,insect,common
Amanite tue-mouches,Amanita muscaria,50.44574,3.49543,fungus,common
Petit nacré,Issoria lathonia,43.8296,3.62822,insect,common
Euphorbe characias,Euphorbia characias,45.78611,5.02643,plant,common
Cèpe de Bordeaux,Boletus edulis,49.10893,2.12633,fungus,common
Sphalérite,Sphalerite,43.52579,4.07898,rock,common
Anémone des bois,Anemone nemorosa,43.4966,3.7793,plant,common
Microcline,Microcline,43.34967,5.2296,rock,common
Noisetier,Corylus avellana,43.31157,5.73166,tree,common
Azuré des mouillères,Phengaris alcon,50.5811,3.10861,insect,rare
Azuré du trèfle,Cyaniris semiargus,43.75528,3.79053,insect,common
Rosé-des-prés,Agaricus arvensis,45.84699,4.94894,fungus,common
Violette odorante,Viola odorata,49.11619,2.13958,plant,common
Alisier torminal,Sorbus torminalis,43.46091,3.81886,tree,uncommon
Collybie à pied velouté,Flammulina velutipes,45.89117,4.77749,fungus,common
Orthétrum réticulé,Orthetrum cancellatum,43.36983,5.20646,insect,common
Bolet élégant,Suillus grevillei,50.46407,3.51852,fungus,common
Dytique marginal,Dytiscus marginalis,44.54764,-0.91231,insect,common
Prunellier,Prunus spinosa,50.5683,3.12082,tree,common
Apollon,Parnassius apollo,43.49675,3.80825,insect,rare
Hêtre commun,Fagus sylvatica,43.32684,5.78832,tree,common
Cornouiller mâle,Cornus mas,45.91045,4.77533,tree,uncommon
Eupatoire chanvrine,Eupatorium cannabinum,49.07206,1.77469,plant,common
Azuré commun,Polyommatus icarus,43.83217,3.63508,insect,common
Cortinaire couleur de rocou,Cortinarius orellanus,50.43215,3.52852,fungus,rare
Clavaire crépue,Sparassis crispa,44.97866,-1.17826,fungus,uncommon
Hygrophore blanc d'ivoire,Cuphophyllus virgineus,44.52677,-0.66095,fungus,common
Grisette,Amanita vaginata,44.60509,-1.23051,fungus,common
Gagée jaune,Gagea lutea,43.814,3.77674,plant,uncommon
Ciste cotonneux,Cistus albidus,50.54611,3.18568,plant,common
Entolome livide,Entoloma sinuatum,45.88311,4.76395,fungus,uncommon
Lavande aspic,Lavandula latifolia,43.22469,5.41265,plant,common
Dactylorhize incarnat,Dactylorhiza incarnata,44.58697,-1.19202,plant,rare
Truffe noire,Tuber melanosporum,50.61432,2.88592,fungus,rare
Jonc épars,Juncus effusus,43.36674,5.29478,plant,common
Laurier-tin,Viburnum tinus,44.55721,-1.16929,tree,common
Jonc épars,Juncus effusus,44.57026,-1.22391,plant,common
Clitopile petite prune,Clitopilus prunulus,43.33242,5.74176,fungus,common
Olivier sauvage,Olea europaea var. sylvestris,45.81458,4.94333,tree,uncommon
Bourdon des pierres,Bombus lapidarius,43.83374,3.7798,insect,common
Chêne pubescent,Quercus pubescens,50.45666,3.50393,tree,common
Lavande vraie,Lavandula angustifolia,50.42488,3.53052,plant,common
Orme lisse,Ulmus laevis,50.45899,3.48906,tree,rare
Fluorite,Fluorite,45.84064,5.01322,rock,common
Ophrys araignée,Ophrys sphegodes,43.24231,5.42326,plant,uncommon
Silène maritime,Silene uniflora,44.57643,-1.20831,plant,common
Peuplier noir,Populus nigra,50.56028,3.13217,tree,uncommon
Gomphide glutineux,Gomphidius glutinosus,43.34352,5.40116,fungus,uncommon
Origan commun,Origanum vulgare,44.47608,-0.63082,plant,common
Hélianthème des Apennins,Helianthemum apenninum,49.09253,1.74292,plant,uncommon
Lactaire calme,Lactarius quietus,48.38064,2.67549,fungus,common
Punaise verte,Palomena prasina,44.52531,-0.6604,insect,common
Grillon champêtre,Gryllus campestris,43.45714,3.81952,insect,common
Tourmaline noire,Schorl,43.24617,5.37722,rock,uncommon
Trèfle des prés,Trifolium pratense,43.36496,5.40995,plant,common
Orpin de Nice,Sedum sediforme,43.24463,5.38093,plant,common
Germandrée petit-chêne,Teucrium chamaedrys,43.31346,5.78167,plant,common
Gentiane acaule,Gentiana acaulis,43.58652,4.07569,plant,uncommon
Tramète versicolore,Trametes versicolor,45.99719,4.91581,fungus,common
Microcline,Microcline,43.75593,3.82738,rock,common
Titanite,Titanite,45.90803,4.77108,rock,uncommon
Célestine,Celestine,43.3388,5.7773,rock,common
Salicaire commune,Lythrum salicaria,50.61786,2.81757,plant,common
Caloptéryx vierge,Calopteryx virgo,45.8508,4.8268,insect,common
Sorbier des oiseleurs,Sorbus aucuparia,45.00978,-1.2324,tree,common
Anax empereur,Anax imperator,43.29173,5.7651,insect,common
Ascalaphe soufré,Libelloides coccajus,50.61049,2.83018,insect,uncommon
Sorbier des oiseleurs,Sorbus aucuparia,45.84053,4.78625,tree,common
Oreille-de-Judas,Auricularia auricula-judae,50.51334,3.1681,fungus,common
Germandrée petit-chêne,Teucrium chamaedrys,48.41276,2.69036,plant,common
Mégachile coupeuse de feuilles,Megachile centuncularis,49.10484,1.80275,insect,common
Rosé-des-prés,Agaricus arvensis,44.97864,-1.21881,fungus,common
Petite tortue,Aglais urticae,45.79704,4.99429,insect,common
Rutile,Rutile,50.54961,3.17238,rock,uncommon
Xylocope violet,Xylocopa violacea,44.99245,-1.1933,insect,common
Viorne obier,Viburnum opulus,46.01131,4.9832,tree,common
Amanite épaisse,Amanita excelsa,50.46003,3.50841,fungus,common
Salicorne d'Europe,Salicornia europaea,48.42652,2.66979,plant,common
Fougère aigle,Pteridium aquilinum,45.83542,4.80729,plant,common
Zygène de la filipendule,Zygaena filipendulae,45.915,4.77836,insect,common
Capricorne musqué,Aromia moschata,45.85726,4.99495,insect,uncommon
Coccinelle asiatique,Harmonia axyridis,44.58891,-0.96244,insect,common
Decticelle cendrée,Pholidoptera griseoaptera,43.83838,3.62753,insect,common
Polypode commun,Polypodium vulgare,43.77628,3.80273,plant,common
Prunellier,Prunus spinosa,44.57933,-1.21008,tree,common
Consoude officinale,Symphytum officinale,44.51625,-0.65002,plant,common
Belle-Dame,Vanessa cardui,45.85964,4.76281,insect,common
Gentiane printanière,Gentiana verna,44.5595,-0.98241,plant,rare
Canneberge,Vaccinium oxycoccos,44.98846,-1.19622,plant,rare
Bornite,Bornite,45.04297,-1.18334,rock,uncommon
Cyclamen des Baléares,Cyclamen balearicum,44.58796,-1.22843,plant,rare
Obione faux-pourpier,Halimione portulacoides,43.43174,5.26542,plant,common
Fusain d'Europe,Euonymus europaeus,48.38026,2.70159,tree,common
Lavande aspic,Lavandula latifolia,49.11276,1.81651,plant,common
Génépi noir,Artemisia genipi,43.82447,3.61195,plant,rare
Grenat andradite,Andradite,50.39056,3.50229,rock,rare
Pyrite,Pyrite,43.31639,5.79803,rock,common
Bouleau nain,Betula nana,49.10946,1.81231,tree,very_rare
Pied-de-mouton,Hydnum repandum,50.79519,2.71748,fungus,common
Fourmilion commun,Myrmeleon formicarius,43.24059,5.43499,insect,common
Petit nacré,Issoria lathonia,43.5907,4.03698,insect,common
Troène commun,Ligustrum vulgare,49.09519,2.07188,tree,common
Coprin noir d'encre,Coprinopsis atramentaria,44.56705,-1.21762,fungus,common
Bourdaine,Frangula alnus,44.60884,-0.91776,tree,common
Hygrophore blanc d'ivoire,Cuphophyllus virgineus,50.80518,2.69999,fungus,common
Cicindèle champêtre,Cicindela campestris,43.39493,5.43952,insect,common
Nivéole d'été,Leucojum aestivum,43.8057,3.55337,plant,uncommon
Oxalis petite oseille,Oxalis acetosella,49.0812,1.80155,plant,common
Agaric champêtre,Agaricus campestris,50.73094,2.72035,fungus,common
Millepertuis perforé,Hypericum perforatum,43.49968,3.7862,plant,common
Marcasite,Marcasite,45.04191,-1.23406,rock,common
Polypore soufré,Laetiporus sulphureus,49.10535,2.12211,fungus,common
Soude brûlée,Suaeda vera,50.4695,3.46509,plant,common
Hydne hérisson,Hericium erinaceus,50.55071,3.17693,fungus,rare
Panorpe commune,Panorpa communis,44.5259,-0.64438,insect,common
Coccinelle à sept points,Coccinella septempunctata,43.38355,5.47142,insect,common
Ophrys miroir,Ophrys speculum,50.64551,2.87266,plant,rare
Mégachile coupeuse de feuilles,Megachile centuncularis,43.35293,5.21351,insect,common
Bolet orangé,Leccinum aurantiacum,44.56055,-0.93265,fungus,uncommon
Polypore soufré,Laetiporus sulphureus,46.00757,4.95109,fungus,common
Talc,Talc,43.30131,5.74818,rock,common
Obione faux-pourpier,Halimione portulacoides,43.38634,5.42545,plant,common
Azuré du trèfle,Cyaniris semiargus,43.59949,4.04792,insect,common
Bornite,Bornite,50.43019,3.53404,rock,uncommon
Soude maritime,Salsola soda,43.81075,3.56985,plant,uncommon
Baryte,Baryte,45.02244,-1.18388,rock,common
Amadouvier,Fomes fomentarius,50.45481,3.47433,fungus,common
Fusain d'Europe,Euonymus europaeus,50.64938,2.83908,tree,common
Digitale pourpre,Digitalis purpurea,50.42861,3.47056,plant,common
Tricholome soufré,Tricholoma sulphureum,44.58157,-1.18008,fungus,uncommon
Anémone des bois,Anemone nemorosa,43.28849,5.79406,plant,common
Galène,Galena,45.40463,4.7162,rock,common
Marguerite commune,Leucanthemum vulgare,49.06086,2.06343,plant,common
Bolet fissuré,Xerocomellus chrysenteron,44.5557,-0.94107,fungus,common
Zygène cendrée,Zygaena rhadamanthus,45.35232,4.69078,insect,uncommon
Lépiote déguenillée,Chlorophyllum rhacodes,45.80743,4.98833,fungus,common
Genêt à balais,Cytisus scoparius,43.81771,3.83361,plant,common
Criste marine,Crithmum maritimum,43.33025,5.44745,plant,common
Pin d'Alep,Pinus halepensis,50.7738,2.71161,tree,common
Sylvain azuré,Limenitis reducta,43.46949,3.77487,insect,uncommon
Silène dioïque,Silene dioica,45.34606,4.6541,plant,common
Hélianthème commun,Helianthemum nummularium,49.1139,2.10567,plant,common
Coulemelle,Macrolepiota procera,45.98314,4.96642,fungus,common
Polypode commun,Polypodium vulgare,49.05276,1.73289,plant,common
Malachite,Malachite,45.02506,-1.21949,rock,common
Silène dioïque,Silene dioica,43.49815,3.83325,plant,common
Ascalaphe soufré,Libelloides coccajus,43.80872,3.54674,insect,uncommon
Cuprite,Cuprite,44.5786,-0.92649,rock,uncommon
Écaille chinée,Euplagia quadripunctaria,45.39224,4.68736,insect,common
Clitocybe nébuleux,Clitocybe nebularis,45.86389,4.82467,fungus,common
Orme lisse,Ulmus laevis,50.66808,2.83852,tree,rare
Criquet des roseaux,Mecostethus parapleurus,43.82705,3.59797,insect,rare
Magnétite,Magnetite,45.34314,4.70939,rock,common
Carabe à reflet d'or,Carabus auronitens,50.42382,3.51183,insect,common
Alisier torminal,Sorbus torminalis,43.36826,5.43601,tree,uncommon
Géastre quadruple,Geastrum quadrifidum,45.9109,4.83659,fungus,rare
Violette odorante,Viola odorata,43.39449,5.25959,plant,common
Grenat almandin,Almandine,43.51623,3.80862,rock,uncommon
Pin laricio de Corse,Pinus nigra subsp. laricio,43.81359,3.61689,tree,uncommon
Girolle pruineuse,Cantharellus pallens,43.47307,3.82579,fungus,common
Frêne élevé,Fraxinus excelsior,49.07995,2.09682,tree,common
Saule des Alpes,Salix alpina,45.39543,4.70035,tree,uncommon
Nigelle de France,Nigella gallica,43.58796,4.00363,plant,rare
Gagée jaune,Gagea lutea,45.7942,4.96416,plant,uncommon
Tourmaline noire,Schorl,45.02136,-1.24177,rock,uncommon
Paon-du-jour,Aglais io,50.53666,3.17112,insect,common
Azuré de la croisette,Phengaris rebeli,45.79904,5.00384,insect,very_rare
Clavaire en massue,Clavariadelphus pistillaris,48.44666,2.67127,fungus,rare
Xylocope violet,Xylocopa violacea,44.61293,-0.93006,insect,common
Béryl,Beryl,45.9141,4.84682,rock,rare
Campanule raiponce,Campanula rapunculus,43.19392,5.40337,plant,uncommon
Campanule agglomérée,Campanula glomerata,43.38609,5.43297,plant,uncommon
Procris,Coenonympha pamphilus,48.65911,1.85186,insect,common
Diane,Zerynthia polyxena,44.57458,-0.97364,insect,rare
Myrtil,Maniola jurtina,49.12788,1.77106,insect,common
Grenat grossulaire,Grossular,44.96054,-1.17282,rock,uncommon
Fadet des laîches,Coenonympha tullia,43.52643,3.80079,insect,rare
Épicéa commun,Picea abies,48.40358,2.71259,tree,common
Phanéroptère méridional,Phaneroptera nana,43.79301,3.57193,insect,common
Houx commun,Ilex aquifolium,45.88429,4.8274,tree,common
Girolle,Cantharellus cibarius,44.46611,-0.66044,fungus,common
Chêne pubescent,Quercus pubescens,45.86482,4.80326,tree,common
Pommier sauvage,Malus sylvestris,43.50687,3.76926,tree,uncommon
Ciste de Montpellier,Cistus monspeliensis,44.55667,-0.92931,plant,common
Renoncule âcre,Ranunculus acris,50.51721,3.10476,plant,common
Orpin âcre,Sedum acre,43.57808,4.0527,plant,common
Chêne sessile,Quercus petraea,49.05617,1.80052,tree,common
Cerisier de Sainte-Lucie,Prunus mahaleb,50.43727,3.49849,tree,uncommon
Lotier corniculé,Lotus corniculatus,45.97477,4.91051,plant,common
Immortelle d'Italie,Helichrysum italicum,43.78048,3.79595,plant,common
Cuivré de la bistorte,Lycaena helle,43.83644,3.5636,insect,rare
Dactylorhize incarnat,Dactylorhiza incarnata,44.56768,-0.94316,plant,rare
Coprin noir d'encre,Coprinopsis atramentaria,43.28763,5.76927,fungus,common
Hygrophore perroquet,Gliophorus psittacinus,43.36722,5.41176,fungus,uncommon
Euphorbe cyprès,Euphorbia cyparissias,43.43112,5.22338,plant,common
Titanite,Titanite,43.77442,3.85067,rock,uncommon
Dolomite,Dolomite,45.00816,-1.18517,rock,common
Bombyx du chêne,Lasiocampa quercus,50.62734,2.88288,insect,common
Pissenlit officinal,Taraxacum officinale,44.59511,-1.19426,plant,common
Aphyllanthe de Montpellier,Aphyllanthes monspeliensis,43.33512,5.4327,plant,common
Cèpe des pins,Boletus pinophilus,45.99236,4.96602,fungus,uncommon
Azuré du serpolet,Phengaris arion,43.40027,5.43791,insect,rare
Iris nain,Iris lutescens,44.49669,-0.6348,plant,common
Agrion élégant,Ischnura elegans,44.99914,-1.23262,insect,common
Cèpe bronzé,Boletus aereus,48.41455,2.69023,fungus,uncommon
Anglésite,Anglesite,50.54862,3.18115,rock,uncommon
Ortie dioïque,Urtica dioica,43.80284,3.59903,plant,common
Romarin officinal,Salvia rosmarinus,48.44307,2.73218,plant,common
Renoncule âcre,Ranunculus acris,43.52896,3.82745,plant,common
Peuplier noir,Populus nigra,43.39682,5.43751,tree,uncommon
Bolet élégant,Suillus grevillei,50.6199,2.81194,fungus,common
Pézize veinée,Disciotis venosa,44.46487,-0.63001,fungus,uncommon
If commun,Taxus baccata,43.39617,5.22055,tree,uncommon
Bouleau pubescent,Betula pubescens,43.77048,3.7984,tree,uncommon
Soude brûlée,Suaeda vera,43.40566,5.46588,plant,common
Scléroderme citrin,Scleroderma citrinum,50.80064,2.71148,fungus,common
Amanite des Césars,Amanita caesarea,50.39375,3.53285,fungus,rare
Amanite panthère,Amanita pantherina,49.09139,2.14044,fungus,uncommon
Aeschne printanière,Brachytron pratense,43.35309,5.25235,insect,uncommon
Azuré des mouillères,Phengaris alcon,43.86991,3.60784,insect,rare
Panorpe commune,Panorpa communis,45.01244,-1.20034,insect,common
Aragonite,Aragonite,50.65229,2.83324,rock,common
Dytique marginal,Dytiscus marginalis,50.80811,2.73761,insect,common
Panicaut maritime,Eryngium maritimum,45.023,-1.17471,plant,uncommon
Bruyère tétralix,Erica tetralix,43.24435,5.39086,plant,uncommon
Lactaire saumoné,Lactarius salmonicolor,44.55118,-0.98226,fungus,uncommon
Amanite épaisse,Amanita excelsa,45.96603,4.91742,fungus,common
Romarin officinal,Salvia rosmarinus,44.54618,-0.96381,plant,common
Spiranthe d'automne,Spiranthes spiralis,43.38659,5.26922,plant,uncommon
Frêne oxyphylle,Fraxinus angustifolia,43.47962,3.84172,tree,uncommon
Sabot de Vénus,Cypripedium calceolus,43.59092,4.03992,plant,very_rare
Dectique verrucivore,Decticus verrucivorus,49.1104,2.10309,insect,uncommon
Marasme des oréades,Marasmius oreades,44.62763,-1.17332,fungus,common
Cortinaire couleur de rocou,Cortinarius orellanus,43.80466,3.78649,fungus,rare
Potamot nageant,Potamogeton natans,50.79717,2.71762,plant,common
Grand sylvain,Limenitis populi,49.10812,1.81639,insect,rare
Bolet radicant,Caloboletus radicans,45.85153,4.97144,fungus,uncommon
Olivier sauvage,Olea europaea var. sylvestris,45.41632,4.71503,tree,uncommon
Piéride de la rave,Pieris rapae,43.74603,3.79288,insect,common
Pin pignon,Pinus pinea,43.80494,3.59561,tree,uncommon
Genêt à balais,Cytisus scoparius,48.59961,1.82361,plant,common
Demi-deuil,Melanargia galathea,48.66236,1.80731,insect,common
Pleurote en huître,Pleurotus ostreatus,44.60299,-0.9336,fungus,common
Orchis militaire,Orchis militaris,43.21355,5.45199,plant,uncommon
Agrion de Mercure,Coenagrion mercuriale,43.42288,5.2543,insect,rare
Mélitée orangée,Melitaea didyma,45.89635,4.83705,insect,uncommon
If commun,Taxus baccata,44.97518,-1.2173,tree,uncommon
Laccaire améthyste,Laccaria amethystina,45.33212,4.71185,fungus,common
Arbousier,Arbutus unedo,43.41675,5.38739,tree,common
Lactaire sanguin,Lactarius sanguifluus,50.75965,2.73901,fungus,uncommon
Biotite,Biotite,44.48483,-0.60717,rock,common
Oyat,Ammophila arenaria,43.52381,4.0165,plant,common
Saga pédo,Saga pedo,44.56606,-1.20119,insect,rare
Drosera à feuilles rondes,Drosera rotundifolia,50.51666,3.1533,plant,rare
Genévrier de Phénicie,Juniperus phoenicea,44.55202,-0.9222,tree,uncommon
Robert-le-diable,Polygonia c-album,43.28813,5.72005,insect,common
Machaon,Papilio machaon,45.86824,4.76968,insect,common
Petit paon de nuit,Saturnia pavonia,45.35572,4.67898,insect,common
Entolome livide,Entoloma sinuatum,43.34209,5.47468,fungus,uncommon
Roseau commun,Phragmites australis,43.23402,5.4415,plant,common
Carabe doré,Carabus auratus,45.91496,4.83252,insect,common
Fluorite,Fluorite,43.53136,4.04068,rock,common
Peuplier blanc,Populus alba,43.35595,5.79447,tree,common
Bouleau verruqueux,Betula pendula,43.84113,3.59017,tree,common
Bruyère tétralix,Erica tetralix,50.61842,2.81311,plant,uncommon
Gypse,Gypsum,50.62553,2.85477,rock,common
Airelle rouge,Vaccinium vitis-idaea,44.96427,-1.15676,plant,common
Dolomite,Dolomite,45.78585,4.99333,rock,common
Aspérule odorante,Galium odoratum,50.76247,2.7307,plant,common
Osmie rousse,Osmia bicornis,46.0121,4.91071,insect,common
Azuré des mouillères,Phengaris alcon,43.37982,5.46267,insect,rare
Lotier corniculé,Lotus corniculatus,44.59656,-1.18674,plant,common
Érable sycomore,Acer pseudoplatanus,45.33684,4.65934,tree,common
Ganoderme luisant,Ganoderma lucidum,49.08612,1.7689,fungus,uncommon
Langue-de-bœuf,Fistulina hepatica,44.96042,-1.22212,fungus,uncommon
Magnétite,Magnetite,45.01713,-1.16429,rock,common
Silène dioïque,Silene dioica,50.59532,3.11831,plant,common
Cormier,Sorbus domestica,50.56348,3.11226,tree,rare
Mélitée du plantain,Melitaea cinxia,45.00247,-1.17358,insect,uncommon
Malachite,Malachite,49.06882,1.79129,rock,common
Orthose,Orthoclase,43.36435,5.21514,rock,common
Abeille domestique,Apis mellifera,43.60101,4.03466,insect,common
Coprin chevelu,Coprinus comatus,49.1416,2.08193,fungus,common
Oxalis petite oseille,Oxalis acetosella,50.57617,3.13291,plant,common
Sphinx tête-de-mort,Acherontia atropos,43.39176,5.2131,insect,rare
Érable champêtre,Acer campestre,44.51541,-0.61925,tree,common
Petite biche,Dorcus parallelipipedus,43.80357,3.84088,insect,common
Trèfle blanc,Trifolium repens,43.39896,5.26841,plant,common
Béryl,Beryl,50.40847,3.4742,rock,rare
Genêt à balais,Cytisus scoparius,43.21991,5.40797,plant,common
Edelweiss,Leontopodium alpinum,43.81128,3.63281,plant,rare
Lierre grimpant,Hedera helix,45.36596,4.7024,plant,common
Morio,Nymphalis antiopa,45.37865,4.68465,insect,uncommon
Collybie à pied velouté,Flammulina velutipes,43.33783,5.74531,fungus,common
Robert-le-diable,Polygonia c-album,43.57647,4.04825,insect,common
Galène,Galena,48.42185,2.68236,rock,common
Diane,Zerynthia polyxena,45.39547,4.68761,insect,rare
Petite tortue,Aglais urticae,45.85575,4.95285,insect,common
Gentiane printanière,Gentiana verna,45.41402,4.66212,plant,rare
Genêt de Lobel,Genista lobelii,44.58949,-0.91534,tree,rare
Brochantite,Brochantite,50.81417,2.688,rock,uncommon
Narcisse des poètes,Narcissus poeticus,48.44969,2.6873,plant,uncommon
Mante religieuse,Mantis religiosa,45.87318,4.78022,insect,common
Millepertuis perforé,Hypericum perforatum,45.36119,4.66931,plant,common
Cordulie bronzée,Cordulia aenea,49.10039,2.13554,insect,common
Bourdon terrestre,Bombus terrestris,44.62019,-0.94483,insect,common
Bourdon terrestre,Bombus terrestris,44.53307,-0.66379,insect,common
Viorne lantane,Viburnum lantana,43.37221,5.7563,tree,common
Helvelle crépue,Helvella crispa,48.3816,2.7088,fungus,uncommon
Ajonc d'Europe,Ulex europaeus,43.34376,5.45563,plant,common
Oedipode turquoise,Oedipoda caerulescens,43.74784,3.80349,insect,common
Hydne roussissant,Hydnum rufescens,48.37237,2.74279,fungus,common
Aspérule odorante,Galium odoratum,45.85896,4.80991,plant,common
Pommier sauvage,Malus sylvestris,49.12004,2.09729,tree,uncommon
Amanite phalloïde,Amanita phalloides,43.42937,5.22492,fungus,common
Ciste à feuilles de sauge,Cistus salviifolius,43.79693,3.5727,plant,common
Caroubier,Ceratonia siliqua,46.01808,4.92742,tree,rare
Chêne tauzin,Quercus pyrenaica,48.6562,1.86258,tree,uncommon
Arnica des montagnes,Arnica montana,43.34616,5.78993,plant,uncommon
Cuivré des marais,Lycaena dispar,43.39686,5.2382,insect,rare
Gomphide rutilant,Chroogomphus rutilus,49.09976,2.10574,fungus,uncommon
Libellule déprimée,Libellula depressa,43.20114,5.40631,insect,common
Génépi laineux,Artemisia umbelliformis,45.99028,4.99458,plant,rare
Épipactis helléborine,Epipactis helleborine,44.54502,-1.23408,plant,common
Orme de montagne,Ulmus glabra,45.83226,4.95563,tree,uncommon
Vulcain,Vanessa atalanta,50.78334,2.72614,insect,common
Lépiote déguenillée,Chlorophyllum rhacodes,46.00361,4.98002,fungus,common
Carabe à reflet d'or,Carabus auronitens,45.37947,4.72653,insect,common
Gentiane jaune,Gentiana lutea,43.81447,3.61985,plant,uncommon
Rhododendron ferrugineux,Rhododendron ferrugineum,50.69087,2.86141,tree,common
Grenat almandin,Almandine,43.53405,4.0381,rock,uncommon
Poirier sauvage,Pyrus pyraster,49.06264,1.73776,tree,uncommon
Criquet des roseaux,Mecostethus parapleurus,43.41776,5.42245,insect,rare
Chêne liège,Quercus suber,43.75171,3.79294,tree,uncommon
Épipactis helléborine,Epipactis helleborine,44.98777,-1.19739,plant,common
Dactylorhize tacheté,Dactylorhiza maculata,49.08147,1.74475,plant,uncommon
Amanite des Césars,Amanita caesarea,43.50035,3.81749,fungus,rare
Coquelicot,Papaver rhoeas,43.23274,5.38604,plant,common
Azuré commun,Polyommatus icarus,44.57831,-0.92278,insect,common
Machaon,Papilio machaon,43.35827,5.23225,insect,common
Damier de la succise,Euphydryas aurinia,43.75131,3.84737,insect,rare
Soude maritime,Salsola soda,43.82698,3.55344,plant,uncommon
Dolomite,Dolomite,46.0286,4.91383,rock,common
Érable sycomore,Acer pseudoplatanus,43.3511,5.20991,tree,common
Ophrys araignée,Ophrys sphegodes,43.35975,5.76331,plant,uncommon
Frêne à fleurs,Fraxinus ornus,43.31528,5.75849,tree,uncommon
Ajonc d'Europe,Ulex europaeus,48.36458,2.72728,plant,common
Andalousite,Andalusite,50.76614,2.72088,rock,uncommon
Lactaire à lait jaune,Lactarius chrysorrheus,43.74487,3.77446,fungus,uncommon
Caloptéryx éclatant,Calopteryx splendens,45.03659,-1.2417,insect,common
Chalcopyrite,Chalcopyrite,48.38038,2.73691,rock,common
Talc,Talc,45.89616,4.83118,rock,common
Callune commune,Calluna vulgaris,43.84234,3.54742,plant,common
Pyromorphite,Pyromorphite,50.76293,2.76961,rock,rare
Saule blanc,Salix alba,43.74495,3.78529,tree,common
Naïade aux yeux bleus,Erythromma najas,50.52309,3.09745,insect,uncommon
Morille conique,Morchella elata,44.53117,-0.66603,fungus,uncommon
Courtilière,Gryllotalpa gryllotalpa,48.38654,2.68197,insect,rare
Lis martagon,Lilium martagon,44.60052,-1.23723,plant,rare
Chêne liège,Quercus suber,43.35648,5.40297,tree,uncommon
Sapin pectiné,Abies alba,43.56292,4.03692,tree,common
Ficaire fausse-renoncule,Ficaria verna,43.36975,5.46921,plant,common
Béryl,Beryl,45.01097,-1.17647,rock,rare
Capricorne musqué,Aromia moschata,45.85912,4.96033,insect,uncommon
Lis pompon,Lilium pomponium,48.41463,2.67057,plant,very_rare
Bolet radicant,Caloboletus radicans,50.65393,2.87616,fungus,uncommon
Hydrophile noir,Hydrophilus piceus,43.76966,3.83068,insect,uncommon
Cicindèle champêtre,Cicindela campestris,49.12299,1.76088,insect,common
Piéride du chou,Pieris brassicae,43.75565,3.80103,insect,common
Cortinaire triomphant,Cortinarius triumphans,44.57567,-1.24872,fungus,uncommon
Gomphe à pinces,Onychogomphus forcipatus,50.66186,2.87803,insect,uncommon
Sauge des prés,Salvia pratensis,44.98504,-1.22194,plant,common
Primevère acaule,Primula vulgaris,44.59942,-1.2433,plant,common
Campanule barbue,Campanula barbata,48.43697,2.67582,plant,uncommon
Agrion de Mercure,Coenagrion mercuriale,50.68552,2.8398,insect,rare
Orme champêtre,Ulmus minor,45.85689,4.96272,tree,uncommon
Aspérule odorante,Galium odoratum,43.29838,5.78838,plant,common
Rosalie des Alpes,Rosalia alpina,43.51991,3.75893,insect,rare
Genêt scorpion,Genista scorpius,43.79755,3.82277,plant,uncommon
Cigale grise,Cicada orni,43.17598,5.44546,insect,common
Éphippigère des vignes,Ephippiger diurnus,43.42128,5.26109,insect,common
Cortinaire violet,Cortinarius violaceus,43.33964,5.75128,fungus,rare
Aspérule odorante,Galium odoratum,43.33065,5.45071,plant,common
Gendarme,Pyrrhocoris apterus,48.41784,2.69391,insect,common
Grillon des marais,Pteronemobius heydenii,44.48752,-0.63182,insect,rare
Giroflée des dunes,Matthiola sinuata,43.36868,5.39076,plant,uncommon
Callune commune,Calluna vulgaris,44.49884,-0.60116,plant,common
Agaric des jachères,Agaricus bernardii,43.35245,5.22983,fungus,uncommon
Plantain lancéolé,Plantago lanceolata,45.34339,4.66564,plant,common
Goethite,Goethite,49.09516,1.79608,rock,common
Tabac d'Espagne,Argynnis paphia,45.97347,4.91621,insect,common
Collybie à pied velouté,Flammulina velutipes,43.77567,3.76868,fungus,common
Campanule raiponce,Campanula rapunculus,43.59241,4.03005,plant,uncommon
Criquet italien,Calliptamus italicus,43.53225,4.04375,insect,common
Lis pompon,Lilium pomponium,43.21676,5.38362,plant,very_rare
Orchis mâle,Orchis mascula,43.78752,3.56843,plant,common
Genévrier commun,Juniperus communis,44.54149,-0.64757,tree,common
Alisier blanc,Sorbus aria,43.4214,5.21143,tree,uncommon
Zygène de la filipendule,Zygaena filipendulae,44.50754,-0.65292,insect,common
Pyromorphite,Pyromorphite,43.7469,3.82142,rock,rare
Myrte commun,Myrtus communis,43.80185,3.77421,plant,uncommon
Hanneton commun,Melolontha melolontha,43.80406,3.56753,insect,common
Adonis de printemps,Adonis vernalis,48.67478,1.84375,plant,rare
Linaigrette vaginée,Eriophorum vaginatum,45.87644,4.82512,plant,uncommon
Cornouiller sanguin,Cornus sanguinea,43.19342,5.43135,tree,common
Bolet granulé,Suillus granulatus,44.59313,-0.95088,fungus,common
Schizophylle commun,Schizophyllum commune,49.06461,2.06227,fungus,common
Talc,Talc,49.07069,1.81077,rock,common
Gagée jaune,Gagea lutea,44.50961,-0.6725,plant,uncommon
Pivoine de Corse,Paeonia corsica,43.3893,5.41254,plant,rare
Tricholome de la Saint-Georges,Calocybe gambosa,49.13069,1.79764,fungus,common
Genêt de Lobel,Genista lobelii,46.02041,4.96208,tree,rare
Ophrys abeille,Ophrys apifera,45.9054,4.7668,plant,common
Bolet des bouviers,Suillus bovinus,44.6078,-0.9824,fungus,common
Ajonc d'Europe,Ulex europaeus,43.36167,5.79225,plant,common
Satyre puant,Phallus impudicus,43.34885,5.75159,fungus,common
Tricholome équestre,Tricholoma equestre,49.06404,2.12986,fungus,uncommon
Airelle des marais,Vaccinium uliginosum,43.31525,5.77512,plant,uncommon
Damier du frêne,Euphydryas maturna,43.5806,4.06203,insect,very_rare
Romarin officinal,Salvia rosmarinus,43.24033,5.43526,plant,common
Sceau de Salomon,Polygonatum multiflorum,43.34156,5.42978,plant,uncommon
Fritillaire pintade,Fritillaria meleagris,45.4106,4.68882,plant,rare
Doigts de mort,Xylaria polymorpha,50.67988,2.88778,fungus,common
Pleurote en huître,Pleurotus ostreatus,49.13426,2.09336,fungus,common
Tourmaline noire,Schorl,43.28607,5.76165,rock,uncommon
Syrphe ceinturé,Episyrphus balteatus,43.60294,4.04372,insect,common
Aulne vert,Alnus viridis,50.51873,3.16734,tree,uncommon
Biotite,Biotite,45.87438,4.76681,rock,common
Pin maritime,Pinus pinaster,45.38529,4.65086,tree,common
Agaric champêtre,Agaricus campestris,44.52283,-0.64305,fungus,common
Cèpe d'été,Boletus reticulatus,43.58996,4.0422,fungus,common
Pied bleu,Lepista nuda,50.69205,2.87741,fungus,common
Dytique marginal,Dytiscus marginalis,43.39691,5.21423,insect,common
Compagnon blanc,Silene latifolia,45.84114,5.00204,plant,common
Tristan,Aphantopus hyperantus,43.30302,5.72622,insect,common
Paxille enroulé,Paxillus involutus,45.37304,4.69259,fungus,common
Mélèze d'Europe,Larix decidua,46.02926,4.99427,tree,common
Hygrophore perroquet,Gliophorus psittacinus,44.54529,-1.23157,fungus,uncommon
Amanite rougissante,Amanita rubescens,44.5894,-1.20389,fungus,common
Criste marine,Crithmum maritimum,43.39249,5.2276,plant,common
Microcline,Microcline,43.39365,5.43758,rock,common
Hellébore fétide,Helleborus foetidus,43.5304,4.07868,plant,common
Cicindèle champêtre,Cicindela campestris,50.6112,2.84686,insect,common
Buis commun,Buxus sempervirens,45.36966,4.68501,tree,common
Micocoulier de Provence,Celtis australis,43.24262,5.44791,tree,uncommon
Ficaire fausse-renoncule,Ficaria verna,50.57362,3.17286,plant,common
Quartz,Quartz,43.86155,3.61223,rock,common
Edelweiss,Leontopodium alpinum,45.33738,4.72434,plant,rare
Gentiane acaule,Gentiana acaulis,50.51413,3.11438,plant,uncommon
Chalcopyrite,Chalcopyrite,49.11704,2.12226,rock,common
Pivoine officinale,Paeonia officinalis,43.82276,3.60681,plant,rare
Chanterelle en tube,Craterellus tubaeformis,50.81026,2.77198,fungus,common
Saule blanc,Salix alba,49.07355,2.07432,tree,common
Amanite citrine,Amanita citrina,49.13984,2.0822,fungus,common
Marguerite commune,Leucanthemum vulgare,43.20758,5.43635,plant,common
Peuplier noir,Populus nigra,45.98266,4.94684,tree,uncommon
Grenat grossulaire,Grossular,43.83054,3.57856,rock,uncommon
Ficaire fausse-renoncule,Ficaria verna,43.84546,3.58899,plant,common
Myrtil,Maniola jurtina,50.39883,3.48204,insect,common
Bombyx disparate,Lymantria dispar,43.37035,5.24267,insect,common
Reine-des-prés,Filipendula ulmaria,45.34599,4.72186,plant,common
Vesse-de-loup perlée,Lycoperdon perlatum,48.37369,2.67059,fungus,common
Drosera à feuilles rondes,Drosera rotundifolia,45.84496,4.97505,plant,rare
Clitocybe nébuleux,Clitocybe nebularis,50.52436,3.11503,fungus,common
Morio,Nymphalis antiopa,45.97203,4.99092,insect,uncommon
Tricholome prétentieux,Tricholoma portentosum,45.01886,-1.21231,fungus,common
Asile crabroniforme,Asilus crabroniformis,46.02271,4.97128,insect,rare
Giroflée des dunes,Matthiola sinuata,49.09132,1.80497,plant,uncommon
Clitocybe inversé,Lepista flaccida,43.42478,5.26145,fungus,common
Doigts de mort,Xylaria polymorpha,50.78745,2.71377,fungus,common
Sympétrum rouge sang,Sympetrum sanguineum,49.10569,2.09218,insect,common
Aulne odorant,Alnus alnobetula subsp. suaveolens,48.60041,1.80664,tree,rare
If commun,Taxus baccata,43.56704,4.03744,tree,uncommon
Laurier-tin,Viburnum tinus,50.47496,3.51351,tree,common
Mélitée orangée,Melitaea didyma,45.37182,4.69344,insect,uncommon
Pin à crochets,Pinus uncinata,45.8852,4.82141,tree,uncommon
Pyrite,Pyrite,44.61751,-0.90447,rock,common
Satyre puant,Phallus impudicus,49.12655,2.08382,fungus,common
Sylvain azuré,Limenitis reducta,43.55459,4.07845,insect,uncommon
Écaille chinée,Euplagia quadripunctaria,43.42453,5.23374,insect,common
Albite,Albite,45.9814,4.95801,rock,common
Naïade aux yeux bleus,Erythromma najas,43.3582,5.23812,insect,uncommon
Anax empereur,Anax imperator,44.56474,-1.20395,insect,common
Dolomite,Dolomite,45.83853,4.96086,rock,common
Grenat almandin,Almandine,43.5622,4.01687,rock,uncommon
Euphorbe maritime,Euphorbia paralias,43.5041,3.83011,plant,common
Machaon,Papilio machaon,50.54133,3.12223,insect,common
Courtilière,Gryllotalpa gryllotalpa,43.24965,5.37822,insect,rare
Citron,Gonepteryx rhamni,43.37994,5.43107,insect,common
Chêne sessile,Quercus petraea,45.03486,-1.16876,tree,common
Gomphide rutilant,Chroogomphus rutilus,50.63676,2.88309,fungus,uncommon
Decticelle cendrée,Pholidoptera griseoaptera,43.36198,5.45398,insect,common
Clitocybe inversé,Lepista flaccida,43.3597,5.79603,fungus,common
Sphinx du tilleul,Mimas tiliae,44.50284,-0.64067,insect,common
Trèfle blanc,Trifolium repens,43.77762,3.84677,plant,common
Nivéole d'été,Leucojum aestivum,43.42473,5.20611,plant,uncommon
Aster maritime,Tripolium pannonicum,45.40613,4.67026,plant,uncommon
Frêne élevé,Fraxinus excelsior,49.10278,1.75372,tree,common
Panicaut maritime,Eryngium maritimum,45.33707,4.72205,plant,uncommon
Hellébore vert,Helleborus viridis,44.97922,-1.22808,plant,uncommon
Bolet fissuré,Xerocomellus chrysenteron,48.68201,1.84169,fungus,common
Clavaire crépue,Sparassis crispa,43.54022,3.83596,fungus,uncommon
Sorbier des Alpes,Sorbus chamaemespilus,45.84621,4.82097,tree,rare
Saule blanc,Salix alba,48.37657,2.6962,tree,common
Tricholome prétentieux,Tricholoma portentosum,48.61431,1.82179,fungus,common
Polypode commun,Polypodium vulgare,48.59913,1.84716,plant,common
Microcline,Microcline,43.35147,5.72255,rock,common
Genêt à balais,Cytisus scoparius,50.47325,3.48217,plant,common
Nerprun purgatif,Rhamnus cathartica,43.37918,5.24439,tree,uncommon
Cigale grise,Cicada orni,43.52736,4.00629,insect,common
Galène,Galena,50.66302,2.81158,rock,common
Langite,Langite,45.86181,4.82045,rock,rare
Pyrite,Pyrite,45.37034,4.68009,rock,common
Salicaire commune,Lythrum salicaria,50.51361,3.09737,plant,common
Dactylorhize tacheté,Dactylorhiza maculata,43.33868,5.76573,plant,uncommon
Cordulie splendide,Macromia splendens,45.84473,5.00162,insect,rare
Obione faux-pourpier,Halimione portulacoides,43.22611,5.41391,plant,common
Schizophylle commun,Schizophyllum commune,45.88893,4.80765,fungus,common
Saule marsault,Salix caprea,45.04725,-1.17106,tree,common
Lotier corniculé,Lotus corniculatus,49.11658,1.81967,plant,common
Chêne liège,Quercus suber,43.24246,5.43801,tree,uncommon
Morille commune,Morchella esculenta,43.86536,3.59569,fungus,uncommon
Criquet hérisson,Prionotropis hystrix,44.57601,-0.98792,insect,very_rare
Trémolite,Tremolite,48.61331,1.87195,rock,uncommon
Sorbier des oiseleurs,Sorbus aucuparia,45.85315,5.0109,tree,common
Calcite,Calcite,49.09368,1.78148,rock,common
Euphorbe cyprès,Euphorbia cyparissias,44.99625,-1.19537,plant,common
Vesse-de-loup perlée,Lycoperdon perlatum,43.19954,5.39485,fungus,common
Piéride de la rave,Pieris rapae,43.18107,5.45006,insect,common
Pézize orangée,Aleuria aurantia,43.45557,3.7919,fungus,common
Bolet orangé,Leccinum aurantiacum,50.79782,2.70771,fungus,uncommon
Caroubier,Ceratonia siliqua,46.02927,4.98468,tree,rare
Grenat almandin,Almandine,44.98154,-1.21253,rock,uncommon
Chêne vert,Quercus ilex,49.11754,2.06121,tree,common
Peuplier tremble,Populus tremula,43.34464,5.39363,tree,common
Chêne vert,Quercus ilex,45.00515,-1.20125,tree,common
Pézize veinée,Disciotis venosa,43.76349,3.81659,fungus,uncommon
Hygrocybe écarlate,Hygrocybe coccinea,44.50302,-0.612,fungus,uncommon
Dectique verrucivore,Decticus verrucivorus,48.67136,1.83474,insect,uncommon
Rutile,Rutile,49.07329,1.75574,rock,uncommon
Punaise verte,Palomena prasina,48.39827,2.70589,insect,common
Bouleau nain,Betula nana,43.17632,5.39514,tree,very_rare
Lierre grimpant,Hedera helix,46.02364,4.97168,plant,common
Peuplier tremble,Populus tremula,45.00159,-1.19822,tree,common
Saule des Alpes,Salix alpina,43.80284,3.83924,tree,uncommon
Menthe aquatique,Mentha aquatica,43.58467,4.02974,plant,common
Cicindèle hybride,Cicindela hybrida,44.5443,-0.93073,insect,rare
Ganoderme luisant,Ganoderma lucidum,43.38822,5.29176,fungus,uncommon
Brookite,Brookite,43.42591,5.20583,rock,rare
Paon-du-jour,Aglais io,50.68987,2.82387,insect,common
Cétoine dorée,Cetonia aurata,50.68636,2.82246,insect,common
Coprin chevelu,Coprinus comatus,50.61325,2.82409,fungus,common
Bolet radicant,Caloboletus radicans,45.84398,4.83734,fungus,uncommon
Coulemelle,Macrolepiota procera,50.60672,2.82519,fungus,common
Bombyx disparate,Lymantria dispar,43.35452,5.21211,insect,common
Nerprun purgatif,Rhamnus cathartica,43.2943,5.72207,tree,uncommon
Micocoulier de Provence,Celtis australis,49.12147,2.12803,tree,uncommon
Russule verdoyante,Russula virescens,49.06426,2.12169,fungus,uncommon
Bleuet des champs,Centaurea cyanus,48.4206,2.7361,plant,uncommon
Carabe à reflet d'or,Carabus auronitens,43.53357,3.7597,insect,common
Clavaire crépue,Sparassis crispa,43.17736,5.42019,fungus,uncommon
Amadouvier,Fomes fomentarius,45.39245,4.71879,fungus,common
Peuplier blanc,Populus alba,45.8806,4.75966,tree,common
Grenat almandin,Almandine,43.40827,5.26992,rock,uncommon
Joubarbe à toile d'araignée,Sempervivum arachnoideum,49.07978,1.7373,plant,uncommon
Massette à larges feuilles,Typha latifolia,43.5059,3.7878,plant,common
Sureau yèble,Sambucus ebulus,48.44119,2.73317,plant,common
Gentiane printanière,Gentiana verna,43.49848,3.79893,plant,rare
Aragonite,Aragonite,44.5045,-0.65051,rock,common
Laurier-tin,Viburnum tinus,48.43999,2.73226,tree,common
Pissenlit officinal,Taraxacum officinale,44.56477,-0.9852,plant,common
Origan commun,Origanum vulgare,45.33572,4.67579,plant,common
Saule à oreillettes,Salix aurita,44.97515,-1.24473,tree,uncommon
Troène commun,Ligustrum vulgare,43.50681,3.84344,tree,common
Amanite épaisse,Amanita excelsa,43.78026,3.82948,fungus,common
Russule comestible,Russula vesca,50.45215,3.47236,fungus,common
Bolet blafard,Suillellus luridus,50.54335,3.12788,fungus,uncommon
Orthétrum réticulé,Orthetrum cancellatum,43.8475,3.5787,insect,common
Laurier-tin,Viburnum tinus,43.41587,5.24439,tree,common
Aeschne bleue,Aeshna cyanea,43.39135,5.43651,insect,common
Laccaire laqué,Laccaria laccata,48.41505,2.70144,fungus,common
Bolet pulvérulent,Cyanoboletus pulverulentus,43.24796,5.43107,fungus,uncommon
Calcite,Calcite,45.89107,4.82518,rock,common
Panicaut maritime,Eryngium maritimum,43.36659,5.77447,plant,uncommon
Carabe doré,Carabus auratus,43.21841,5.38729,insect,common
Liseron soldanelle,Calystegia soldanella,50.57871,3.14665,plant,common
Orme champêtre,Ulmus minor,45.90224,4.80352,tree,uncommon
Russule émétique,Russula emetica,43.24176,5.44128,fungus,common
Amanite rougissante,Amanita rubescens,45.77408,4.94335,fungus,common
Wolframite,Wolframite,49.08795,1.82,rock,rare
Lucane cerf-volant,Lucanus cervus,43.34075,5.45071,insect,uncommon
Campanule agglomérée,Campanula glomerata,43.47901,3.82586,plant,uncommon
Tourmaline noire,Schorl,43.41835,5.42997,rock,uncommon
Bolet élégant,Suillus grevillei,49.14307,2.14389,fungus,common
Amanite épaisse,Amanita excelsa,43.46583,3.82315,fungus,common
Punaise arlequin,Graphosoma italicum,45.84528,4.849,insect,common
Bolet blafard,Suillellus luridus,43.38654,5.46831,fungus,uncommon
Calcite,Calcite,49.14085,2.06273,rock,common
Cassitérite,Cassiterite,50.78332,2.70672,rock,rare
Gomphide rutilant,Chroogomphus rutilus,43.37053,5.7467,fungus,uncommon
Bolet granulé,Suillus granulatus,49.14461,2.07946,fungus,common
Serpolet des Alpes,Thymus praecox,43.37634,5.24618,plant,uncommon
Fourmilion commun,Myrmeleon formicarius,49.12642,1.79648,insect,common
Clitocybe nébuleux,Clitocybe nebularis,45.83592,4.98919,fungus,common
Buis commun,Buxus sempervirens,48.43975,2.72191,tree,common
Campanule raiponce,Campanula rapunculus,49.07379,1.82094,plant,uncommon
Lucane cerf-volant,Lucanus cervus,48.675,1.7971,insect,uncommon
Mordelle villose,Variimorda villosa,45.89015,4.79593,insect,uncommon
Sauge officinale,Salvia officinalis,45.84451,4.80064,plant,uncommon
Achillée millefeuille,Achillea millefolium,43.81229,3.77637,plant,common
Salicaire commune,Lythrum salicaria,48.42849,2.69292,plant,common
Bolet satan,Boletus satanas,43.41797,5.208,fungus,rare
Staurotide,Staurolite,43.50705,3.75908,rock,uncommon
Éphippigère des vignes,Ephippiger diurnus,50.64268,2.85981,insect,common
Wulfénite,Wulfenite,43.18766,5.37006,rock,rare
Smithsonite,Smithsonite,44.9687,-1.2087,rock,uncommon
Nigelle de France,Nigella gallica,49.13555,1.78601,plant,rare
Gypse,Gypsum,50.78291,2.7043,rock,common
Calédonite,Caledonite,50.60786,2.8418,rock,rare
Géastre quadruple,Geastrum quadrifidum,44.61037,-1.24948,fungus,rare
Luzerne lupuline,Medicago lupulina,43.77821,3.80281,plant,common
Scléroderme citrin,Scleroderma citrinum,45.35729,4.66603,fungus,common
Trémolite,Tremolite,43.39503,5.27621,rock,uncommon
Nerprun purgatif,Rhamnus cathartica,43.78493,3.79031,tree,uncommon
Mélitée orangée,Melitaea didyma,43.41199,5.42369,insect,uncommon
Plantain lancéolé,Plantago lanceolata,45.91488,4.7935,plant,common
Lactaire poivré,Lactifluus piperatus,50.73834,2.71207,fungus,common
Bruyère cendrée,Erica cinerea,50.81547,2.75558,plant,common
Tilleul à grandes feuilles,Tilia platyphyllos,43.52481,3.78923,tree,common
Noisetier,Corylus avellana,50.61619,2.86698,tree,common
Saxifrage faux-aïzoon,Saxifraga aizoides,43.38355,5.28004,plant,uncommon
Pin sylvestre,Pinus sylvestris,45.8593,5.02216,tree,common
Ankérite,Ankerite,44.97296,-1.22904,rock,uncommon
Lactaire délicieux,Lactarius deliciosus,44.63365,-1.18833,fungus,common
Amanite rougissante,Amanita rubescens,44.97134,-1.17639,fungus,common
Hellébore fétide,Helleborus foetidus,45.80292,4.9601,plant,common
Menthe aquatique,Mentha aquatica,49.12651,1.7907,plant,common
Clavaire crépue,Sparassis crispa,44.53213,-0.6535,fungus,uncommon
Piéride de la rave,Pieris rapae,49.09609,1.75991,insect,common
Titanite,Titanite,48.38171,2.69826,rock,uncommon
Trèfle blanc,Trifolium repens,43.78532,3.83411,plant,common
Jonc épars,Juncus effusus,43.51274,3.81594,plant,common
Saxifrage faux-aïzoon,Saxifraga aizoides,43.22731,5.38577,plant,uncommon
Consoude officinale,Symphytum officinale,43.7711,3.82155,plant,common
Anatase,Anatase,50.47475,3.48873,rock,uncommon
Bombyx disparate,Lymantria dispar,44.47068,-0.68245,insect,common
Cyclamen des Baléares,Cyclamen balearicum,46.01951,4.94012,plant,rare
Fougère aigle,Pteridium aquilinum,43.56143,4.03958,plant,common
Chrysope verte,Chrysoperla carnea,43.79772,3.7859,insect,common
Genêt poilu,Genista pilosa,50.68351,2.80823,tree,uncommon
Hématite,Hematite,48.67082,1.85218,rock,common
Euphorbe cyprès,Euphorbia cyparissias,43.1985,5.44898,plant,common
Euphorbe cyprès,Euphorbia cyparissias,48.59934,1.79589,plant,common
Lépidolite,Lepidolite,50.79013,2.74448,rock,rare
Hématite,Hematite,50.66355,2.87303,rock,common
Chèvrefeuille des bois,Lonicera periclymenum,43.53895,4.03956,plant,common
Pézize orangée,Aleuria aurantia,50.79987,2.69689,fungus,common
Pin pignon,Pinus pinea,43.58739,4.01301,tree,uncommon
Muguet,Convallaria majalis,49.13144,2.14302,plant,common
Satyre puant,Phallus impudicus,45.84089,4.83662,fungus,common
Gomphide glutineux,Gomphidius glutinosus,44.52642,-0.628,fungus,uncommon
Tricholome de la Saint-Georges,Calocybe gambosa,48.42671,2.68934,fungus,common
Coprin chevelu,Coprinus comatus,43.75296,3.83255,fungus,common
Brochantite,Brochantite,43.37981,5.441,rock,uncommon
Peuplier tremble,Populus tremula,43.56991,4.04672,tree,common
Renoncule âcre,Ranunculus acris,43.51742,3.78599,plant,common
Genévrier cade,Juniperus oxycedrus,43.22558,5.42282,tree,common
Cuivré de la bistorte,Lycaena helle,43.51008,3.76276,insect,rare
Centaurée jacée,Centaurea jacea,43.40785,5.42518,plant,common
Adonis d'été,Adonis aestivalis,43.8203,3.60268,plant,rare
Muguet,Convallaria majalis,43.80173,3.81765,plant,common
Bolet élégant,Suillus grevillei,44.50294,-0.62809,fungus,common
Lactaire calme,Lactarius quietus,43.1815,5.40027,fungus,common
Serpolet des Alpes,Thymus praecox,43.17146,5.42954,plant,uncommon
Pin de Salzmann,Pinus nigra subsp. salzmannii,44.57006,-1.23183,tree,rare
Tristan,Aphantopus hyperantus,48.64315,1.83954,insect,common
Hellébore fétide,Helleborus foetidus,43.23178,5.40526,plant,common
Iris des marais,Iris pseudacorus,43.58923,4.03156,plant,common
Apollon,Parnassius apollo,43.38326,5.43926,insect,rare
Compagnon blanc,Silene latifolia,44.53733,-0.68477,plant,common
Cyclamen de Naples,Cyclamen hederifolium,45.35041,4.66646,plant,common
Sphinx colibri,Macroglossum stellatarum,45.04304,-1.1811,insect,common
Épidote,Epidote,43.3639,5.42107,rock,common
Bolet satan,Boletus satanas,50.57807,3.15007,fungus,rare
Topaze,Topaz,50.74809,2.74001,rock,rare
Fluorite,Fluorite,45.79131,4.96349,rock,common
Russule émétique,Russula emetica,44.99059,-1.22967,fungus,common
Rossolis intermédiaire,Drosera intermedia,45.41185,4.66388,plant,rare
Digitale pourpre,Digitalis purpurea,48.67808,1.86285,plant,common
Achillée millefeuille,Achillea millefolium,48.6442,1.84764,plant,common
Frêne élevé,Fraxinus excelsior,43.8653,3.60861,tree,common
Consoude officinale,Symphytum officinale,50.74714,2.73193,plant,common
Polypode commun,Polypodium vulgare,45.99829,4.99213,plant,common
Daphné lauréole,Daphne laureola,48.3861,2.68954,tree,uncommon
Pin laricio de Corse,Pinus nigra subsp. laricio,50.45449,3.49355,tree,uncommon
Poirier sauvage,Pyrus pyraster,49.09269,2.06477,tree,uncommon
Épidote,Epidote,43.34481,5.4639,rock,common
Anax empereur,Anax imperator,43.56063,4.04833,insect,common
Marasme des oréades,Marasmius oreades,45.3285,4.64308,fungus,common
Bolet bai,Imleria badia,50.68611,2.86598,fungus,common
Sureau yèble,Sambucus ebulus,44.49484,-0.63713,plant,common
Génépi noir,Artemisia genipi,44.96244,-1.19231,plant,rare
Aulne glutineux,Alnus glutinosa,44.55009,-0.9202,tree,common
Clitocybe nébuleux,Clitocybe nebularis,43.59714,4.0167,fungus,common
Scléroderme citrin,Scleroderma citrinum,43.40145,5.25012,fungus,common
Galène,Galena,43.35865,5.79991,rock,common
Laccaire améthyste,Laccaria amethystina,50.42767,3.46491,fungus,common
Goethite,Goethite,43.51257,3.76437,rock,common
Chêne vert,Quercus ilex,44.45946,-0.6372,tree,common
Lactaire délicieux,Lactarius deliciosus,50.68313,2.8699,fungus,common
Potamot nageant,Potamogeton natans,43.51323,3.75899,plant,common
Cicindèle champêtre,Cicindela campestris,45.04694,-1.20338,insect,common
Sphalérite,Sphalerite,44.56107,-1.19629,rock,common
Oedipode turquoise,Oedipoda caerulescens,44.59365,-0.97951,insect,common
Calcite,Calcite,44.5443,-0.62557,rock,common
Aurore,Anthocharis cardamines,48.62658,1.84224,insect,common
Flambé,Iphiclides podalirius,46.02713,4.92855,insect,common
Hygrocybe écarlate,Hygrocybe coccinea,43.76335,3.83909,fungus,uncommon
Morille commune,Morchella esculenta,50.51817,3.16586,fungus,uncommon
Flambé,Iphiclides podalirius,49.12971,2.13145,insect,common
Blatte des bois,Ectobius sylvestris,43.48721,3.79188,insect,common
Soude maritime,Salsola soda,44.52259,-0.66868,plant,uncommon
Genévrier cade,Juniperus oxycedrus,43.7466,3.8187,tree,common
Trémolite,Tremolite,50.67778,2.84581,rock,uncommon
Vesse-de-loup perlée,Lycoperdon perlatum,45.40843,4.69499,fungus,common
Tulipe australe,Tulipa sylvestris subsp. australis,43.5371,4.04765,plant,rare
Smithsonite,Smithsonite,45.87587,4.8331,rock,uncommon
Panorpe commune,Panorpa communis,50.55486,3.10411,insect,common
Actinote,Actinolite,48.60383,1.82734,rock,uncommon
Ilménite,Ilmenite,43.24956,5.39415,rock,uncommon
Pin à crochets,Pinus uncinata,45.84776,4.96486,tree,uncommon
Marasme des oréades,Marasmius oreades,48.4019,2.71262,fungus,common
Entolome livide,Entoloma sinuatum,44.6241,-1.2447,fungus,uncommon
Fusain d'Europe,Euonymus europaeus,44.55694,-0.90693,tree,common
Agaric des jachères,Agaricus bernardii,43.80097,3.54832,fungus,uncommon
Orchis militaire,Orchis militaris,43.795,3.58782,plant,uncommon
Sceau de Salomon,Polygonatum multiflorum,50.74706,2.76851,plant,uncommon
Arbousier,Arbutus unedo,43.17422,5.45057,tree,common
Aulne blanc,Alnus incana,45.00902,-1.1995,tree,uncommon
Topaze,Topaz,43.2085,5.38151,rock,rare
Syrphe ceinturé,Episyrphus balteatus,50.542,3.14945,insect,common
Baryte,Baryte,49.11968,1.75838,rock,common
Centaurée jacée,Centaurea jacea,43.30687,5.75657,plant,common
Fluorite,Fluorite,44.97924,-1.15844,rock,common
Ganoderme luisant,Ganoderma lucidum,44.96082,-1.17244,fungus,uncommon
Plantain lancéolé,Plantago lanceolata,45.96499,4.99215,plant,common
Grisette,Amanita vaginata,43.83586,3.61139,fungus,common
Tulipe australe,Tulipa sylvestris subsp. australis,43.20835,5.44198,plant,rare
Oyat,Ammophila arenaria,44.57462,-1.24693,plant,common
Petit paon de nuit,Saturnia pavonia,49.05164,1.76495,insect,common
Violette odorante,Viola odorata,43.80708,3.76853,plant,common
Cuivré commun,Lycaena phlaeas,49.11829,1.75231,insect,common
Anatase,Anatase,43.77887,3.81605,rock,uncommon
Mouche soldat noire,Hermetia illucens,43.55181,4.00286,insect,uncommon
Saladelle commune,Limonium vulgare,45.01405,-1.15715,plant,common
Orme de montagne,Ulmus glabra,48.37336,2.7288,tree,uncommon
Peuplier noir,Populus nigra,43.34568,5.79445,tree,uncommon
Procris,Coenonympha pamphilus,43.50568,3.77194,insect,common
Clitopile petite prune,Clitopilus prunulus,44.51917,-0.62754,fungus,common
Agrion élégant,Ischnura elegans,43.7724,3.78991,insect,common
Courtilière,Gryllotalpa gryllotalpa,50.68462,2.88874,insect,rare
Aulne blanc,Alnus incana,50.69201,2.83484,tree,uncommon
Azuré du serpolet,Phengaris arion,43.46463,3.76367,insect,rare
Azuré de la sanguisorbe,Phengaris teleius,43.24083,5.41063,insect,very_rare
Cornouiller sanguin,Cornus sanguinea,44.61328,-1.24293,tree,common
Criquet jacasseur,Chorthippus biguttulus,48.67022,1.80038,insect,common
Mouche soldat noire,Hermetia illucens,48.64778,1.85611,insect,uncommon
Caloptéryx éclatant,Calopteryx splendens,48.59951,1.82997,insect,common
Frêne oxyphylle,Fraxinus angustifolia,45.82938,4.77197,tree,uncommon
Lavande aspic,Lavandula latifolia,44.52237,-0.61598,plant,common
Libellule déprimée,Libellula depressa,43.48216,3.76789,insect,common
Sureau yèble,Sambucus ebulus,45.83511,4.84534,plant,common
Genévrier thurifère,Juniperus thurifera,43.48297,3.75623,tree,rare
Cormier,Sorbus domestica,48.66263,1.85127,tree,rare
