common_name,scientific_name,latitude,longitude,category,rarity
Platane,Bellis perennis,43.30526200436084,5.377709287787135,fungus,uncommon
Moineau domestique,Hedera helix,43.5952338044141,3.8647252670230308,bird,rare
Champignon de pelouse,Platanus × acerifolia,44.82121913733873,-0.5906137052857715,bird,rare
Chêne pédonculé,Tilia cordata,44.846195858666775,-0.5716603831725251,insect,uncommon
Champignon de pelouse,Taraxacum officinale,43.61821535804111,3.895059931389481,tree,rare
Chêne pédonculé,Trifolium repens,43.31231015309573,5.355291062016907,plant,common
Chêne pédonculé,Taraxacum officinale,45.7653075939491,4.853084109830234,tree,rare
Ortie,Agaricus campestris,44.84651652351591,-0.5705301927266291,bird,rare
Pâquerette,Taraxacum officinale,43.295069481432556,5.386225269658304,plant,uncommon
Trèfle blanc,Hedera helix,45.74623323807542,4.848509166644227,fungus,uncommon
Ortie,Turdus merula,45.76450665174825,4.817412648897796,tree,uncommon
Trèfle blanc,Bellis perennis,44.857120059651095,-0.5614765349757526,insect,uncommon
Chêne pédonculé,Columba livia,44.85612783945962,-0.5721561832268949,bird,uncommon
Champignon de pelouse,Platanus × acerifolia,48.86188375482771,2.3412322217282284,tree,rare
Merle noir,Acer campestre,48.86466439287791,2.3364990305738025,plant,uncommon
Pissenlit,Turdus merula,43.31288621581779,5.366274233436039,plant,common
Chêne pédonculé,Taraxacum officinale,44.84697987406222,-0.5646643075135805,plant,common
Pigeon biset,Urtica dioica,44.85665785903758,-0.5940817403552265,fungus,rare
Pâquerette,Trifolium repens,43.292516252238926,5.3625247961893665,fungus,rare
Ortie,Columba livia,43.60100925434743,3.881480915943151,bird,rare
Platane,Urtica dioica,43.28329979642003,5.389087402629931,bird,common
Pigeon biset,Passer domesticus,45.76911264670431,4.816453291742522,insect,uncommon
Abeille,Passer domesticus,43.631751925070496,3.8738529849685666,plant,uncommon
Tilleul,Platanus × acerifolia,45.76670595467995,4.8318680140700065,bird,uncommon
Trèfle blanc,Columba livia,44.85664058228861,-0.5981293272656723,tree,rare
Pissenlit,Taraxacum officinale,43.29009573736499,5.387555385033307,plant,common
Érable champêtre,Trifolium repens,50.638917300614985,3.0612176392956925,insect,uncommon
Pigeon biset,Trifolium repens,44.836524986225704,-0.5670232340184466,bird,rare
Lierre,Taraxacum officinale,43.29158686903701,5.3882445870706785,fungus,common
Moineau domestique,Passer domesticus,43.60251457180039,3.8586819617394243,plant,common
Ortie,Turdus merula,45.781545266698814,4.846361501134687,bird,rare
Champignon de pelouse,Taraxacum officinale,48.85336960218189,2.3707530642985635,tree,common
Pigeon biset,Tilia cordata,50.61256180254311,3.0747293717597146,plant,rare
Merle noir,Trifolium repens,48.83909636960774,2.35072837538391,bird,uncommon
Tilleul,Acer campestre,44.83307739852687,-0.5941332070770771,bird,rare
Érable champêtre,Columba livia,45.769408866477704,4.84192678005259,fungus,common
Merle noir,Acer campestre,43.31447841628209,5.351076570273752,fungus,uncommon
Pigeon biset,Coccinella septempunctata,43.59780733325057,3.860516070625254,tree,rare
Champignon de pelouse,Tilia cordata,50.614297488361856,3.0721544122539517,fungus,rare
Trèfle blanc,Turdus merula,45.76570034983558,4.828160240400311,plant,common
Chêne pédonculé,Passer domesticus,43.61841637166977,3.8597044646475087,bird,uncommon
Érable champêtre,Platanus × acerifolia,43.627198581351784,3.8832147967339687,bird,common
Pâquerette,Hedera helix,43.623469072559935,3.8806287065773266,bird,common
Chêne pédonculé,Agaricus campestris,50.628598257615636,3.073287948907986,insect,common
Platane,Apis mellifera,45.76220944837097,4.825658581696845,plant,uncommon
Moineau domestique,Tilia cordata,43.60506276786195,3.873727666524653,tree,common
Moineau domestique,Trifolium repens,50.64649494602791,3.0468681282006203,plant,rare
Pâquerette,Agaricus campestris,43.28934202401182,5.355966340804785,tree,common
Merle noir,Trifolium repens,48.86929572790215,2.360001562584204,bird,rare
Lierre,Acer campestre,44.82333154763034,-0.5709445755488515,plant,uncommon
Moineau domestique,Quercus robur,50.634776690968025,3.0649855612648955,plant,uncommon
Ortie,Trifolium repens,48.844007799739344,2.3394183819320005,insect,uncommon
Tilleul,Apis mellifera,45.77125473949852,4.8386834439435145,fungus,rare
Pâquerette,Quercus robur,45.7672972854197,4.8326252157330245,bird,common
Érable champêtre,Tilia cordata,45.7477702469653,4.833654501910983,fungus,rare
Pâquerette,Coccinella septempunctata,48.85878641740938,2.3324191382575585,insect,common
Moineau domestique,Bellis perennis,45.7733461013171,4.8269082371542735,plant,common
Trèfle blanc,Acer campestre,43.626976384888614,3.8685057836890717,insect,rare
Tilleul,Quercus robur,45.78218676728227,4.848312889864176,fungus,rare
Chêne pédonculé,Quercus robur,48.848124335822455,2.365278222772855,tree,common
Champignon de pelouse,Quercus robur,44.82313443057824,-0.5839801040712308,bird,uncommon
Merle noir,Taraxacum officinale,48.86654931670459,2.3448001729545527,fungus,uncommon
Chêne pédonculé,Taraxacum officinale,43.60430356733606,3.860374520181263,insect,uncommon
Ortie,Urtica dioica,48.873761003416114,2.3594425972148647,fungus,uncommon
Abeille,Turdus merula,43.28448763660574,5.3739274211569015,plant,rare
Érable champêtre,Taraxacum officinale,48.84812200373087,2.357756276459361,fungus,rare
Abeille,Bellis perennis,44.825922294190505,-0.5802608797435274,plant,uncommon
Champignon de pelouse,Bellis perennis,50.610738704303124,3.051104074918233,bird,uncommon
Merle noir,Trifolium repens,43.31001665581278,5.35356848350771,insect,rare
Érable champêtre,Columba livia,45.7561572568504,4.8166231610889465,insect,rare
Moineau domestique,Urtica dioica,43.594734417545205,3.8805195890191326,plant,common
Lierre,Quercus robur,44.85518583775928,-0.5926596998052276,insect,rare
Ortie,Taraxacum officinale,45.77784232153993,4.848706809219548,bird,rare
Ortie,Passer domesticus,48.85625564176552,2.344368321123472,insect,rare
Pissenlit,Acer campestre,44.82066157715954,-0.5939910609177541,plant,uncommon
Tilleul,Passer domesticus,44.825845935938844,-0.5807559488982924,plant,uncommon
Trèfle blanc,Platanus × acerifolia,48.853633871555864,2.370426958682009,insect,rare
Platane,Bellis perennis,45.76005233954188,4.8384183750240295,fungus,rare
Abeille,Acer campestre,50.63400731864355,3.0521032633395833,insect,rare
Merle noir,Columba livia,43.2845401494508,5.37882528933497,tree,common
Abeille,Taraxacum officinale,44.823267958832965,-0.5917001923460078,tree,uncommon
Pigeon biset,Passer domesticus,50.621777348710424,3.0599675421412926,plant,uncommon
Ortie,Urtica dioica,48.84868612278135,2.338492385588005,bird,common
Merle noir,Urtica dioica,43.61740285288863,3.8954717625858084,tree,uncommon
Trèfle blanc,Bellis perennis,43.60924138437136,3.8601634124017377,insect,common
Pigeon biset,Acer campestre,43.60974508150084,3.867032175878481,bird,uncommon
Abeille,Taraxacum officinale,43.30376583459502,5.3822596454412786,plant,uncommon
Champignon de pelouse,Acer campestre,48.864565376981716,2.347630009452179,plant,uncommon
Coccinelle,Platanus × acerifolia,48.87375907788288,2.3470909202879184,bird,uncommon
Érable champêtre,Urtica dioica,43.301209751613094,5.364127399052143,tree,common
Ortie,Quercus robur,43.59213737923141,3.8882281804095693,bird,uncommon
Lierre,Urtica dioica,43.60980885180205,3.8737911692490763,plant,common
Champignon de pelouse,Hedera helix,43.288249090095654,5.351622050781117,tree,uncommon
Chêne pédonculé,Tilia cordata,48.85603667518857,2.3554597252091063,plant,uncommon
Pâquerette,Apis mellifera,50.64543072946372,3.043915193380788,tree,common
Lierre,Platanus × acerifolia,43.30576617159228,5.387300903065412,tree,rare
Pigeon biset,Columba livia,50.63696911268113,3.0406526551470097,tree,rare
Pâquerette,Bellis perennis,43.63025690925212,3.8819580170353043,insect,uncommon
Pissenlit,Tilia cordata,48.87021244240486,2.3376876590840143,plant,common
Tilleul,Acer campestre,43.61354559485719,3.8898624771196824,bird,uncommon
Tilleul,Urtica dioica,50.61649457433238,3.057356324930134,tree,common
Ortie,Acer campestre,50.63644293373717,3.0698338082989856,tree,common
Trèfle blanc,Taraxacum officinale,43.292265529808,5.353933618911127,fungus,common
Abeille,Quercus robur,43.616366521304975,3.8900068529124137,insect,rare
Merle noir,Hedera helix,45.74913457624162,4.825250323635533,tree,rare
Abeille,Coccinella septempunctata,43.309895629677975,5.357326674070583,plant,uncommon
Ortie,Trifolium repens,48.86544406707177,2.367437275051668,insect,common
Trèfle blanc,Passer domesticus,48.83937719630846,2.3506430302733654,plant,common
Pâquerette,Acer campestre,44.847880006681606,-0.5610329196726124,insect,common
Trèfle blanc,Turdus merula,48.871449333389656,2.3538273560973026,insect,rare
Ortie,Turdus merula,43.30811023328747,5.350408344877005,fungus,rare
Chêne pédonculé,Acer campestre,43.29949056364754,5.35879880262363,plant,uncommon
Érable champêtre,Columba livia,44.831327347294966,-0.5833430904273587,fungus,rare
Chêne pédonculé,Urtica dioica,50.62089772672549,3.074688952325734,bird,common
Érable champêtre,Platanus × acerifolia,43.31010825911758,5.363845193845094,bird,rare
Platane,Acer campestre,44.856206585440965,-0.5643723818164641,insect,common
Chêne pédonculé,Taraxacum officinale,45.77496993705127,4.846742257321218,insect,common
Lierre,Hedera helix,43.297271874944066,5.349997327093151,plant,common
Chêne pédonculé,Coccinella septempunctata,43.611575231548805,3.8845858303622243,tree,uncommon
Ortie,Urtica dioica,43.30823695136221,5.384923773364642,fungus,uncommon
Trèfle blanc,Hedera helix,44.83016393966268,-0.5917110857663275,tree,common
Moineau domestique,Apis mellifera,48.837870015005564,2.353569536801109,bird,common
Lierre,Acer campestre,45.75625726406096,4.842750494901753,insect,uncommon
Pissenlit,Apis mellifera,45.768004304149244,4.8482565574534116,plant,common
Érable champêtre,Bellis perennis,43.60446449438246,3.8581409145075267,fungus,uncommon
Champignon de pelouse,Trifolium repens,43.606392220540094,3.865972221954003,fungus,uncommon
Champignon de pelouse,Urtica dioica,48.83770930974804,2.347471179038891,tree,common
Moineau domestique,Acer campestre,44.85623680127609,-0.5910619883883906,tree,rare
Ortie,Acer campestre,45.77667537312031,4.832480424850579,fungus,rare
Ortie,Turdus merula,50.625028979337344,3.0486905782212506,insect,rare
Moineau domestique,Trifolium repens,43.30545204173041,5.369275609755508,insect,rare
Tilleul,Taraxacum officinale,43.31399307621645,5.372365095138097,insect,common
Coccinelle,Apis mellifera,48.854089200706746,2.356053497930021,fungus,uncommon
Champignon de pelouse,Columba livia,43.28404370664273,5.387682065046614,tree,common
Lierre,Trifolium repens,45.770042124861995,4.818358368099875,fungus,rare
Abeille,Urtica dioica,48.85028806142884,2.34080426287599,fungus,uncommon
Abeille,Agaricus campestris,50.63757538023629,3.0509511852171607,insect,rare
Pissenlit,Taraxacum officinale,45.773023327189236,4.839392924059691,insect,rare
Trèfle blanc,Taraxacum officinale,43.30159913274256,5.364413605014198,bird,common
Champignon de pelouse,Apis mellifera,43.62800631744627,3.890298991384715,plant,uncommon
Ortie,Coccinella septempunctata,44.82100227955751,-0.5596591177392303,tree,rare
Lierre,Coccinella septempunctata,43.62438141138091,3.857530927334211,insect,common
Pissenlit,Agaricus campestris,50.64659052376832,3.051143516793388,tree,rare
Tilleul,Urtica dioica,48.855575172539595,2.354107418963865,fungus,uncommon
Pissenlit,Coccinella septempunctata,44.846559007560856,-0.5980822895172897,insect,common
Lierre,Taraxacum officinale,44.82071779171053,-0.5947558065982492,bird,uncommon
Lierre,Passer domesticus,43.61017727057597,3.8733901706402425,insect,uncommon
Ortie,Acer campestre,43.30977482371891,5.377912349357841,plant,common
Érable champêtre,Tilia cordata,45.76582930177626,4.822794954318292,insect,uncommon
Ortie,Urtica dioica,43.292396161839775,5.369125214494731,plant,uncommon
Coccinelle,Urtica dioica,45.77654296580263,4.817417830061556,insect,rare
Trèfle blanc,Urtica dioica,43.594713292592495,3.865520453438772,bird,common
Merle noir,Trifolium repens,48.85918198021588,2.348502818237163,insect,uncommon
Pâquerette,Coccinella septempunctata,43.592222005501846,3.8779763315207485,bird,common
Champignon de pelouse,Tilia cordata,45.74542472825624,4.832458883186738,insect,rare
Trèfle blanc,Quercus robur,44.82882499126922,-0.5780251410723577,tree,rare
Pigeon biset,Turdus merula,44.848402737498205,-0.5785358797580085,bird,common
Pissenlit,Platanus × acerifolia,43.28315404377507,5.375056938296878,bird,uncommon
Champignon de pelouse,Urtica dioica,45.769950964761854,4.828473900517775,insect,common
Abeille,Tilia cordata,45.755087344182435,4.8336923664910145,insect,uncommon
Ortie,Coccinella septempunctata,43.60299632295727,3.894987839974456,bird,rare
Platane,Urtica dioica,44.838649882850554,-0.5736550148565952,tree,common
Champignon de pelouse,Platanus × acerifolia,48.84174801747368,2.3600692647797974,bird,rare
Chêne pédonculé,Urtica dioica,48.858937548160235,2.3527863748322946,tree,uncommon
Lierre,Urtica dioica,45.75355163124755,4.825471927886265,plant,common
Trèfle blanc,Bellis perennis,50.63401362719505,3.0516488499349967,tree,uncommon
Abeille,Tilia cordata,45.782029523417755,4.827394481053952,bird,common
Platane,Urtica dioica,50.633530077423764,3.0403654176318198,insect,uncommon
Érable champêtre,Urtica dioica,43.27678992925123,5.377943145741095,plant,rare
Tilleul,Hedera helix,44.848575041998444,-0.5617351567784389,tree,uncommon
Pigeon biset,Tilia cordata,43.30239233129541,5.380910090026166,bird,uncommon
Chêne pédonculé,Taraxacum officinale,50.64764500354203,3.0740675863742277,bird,common
Pigeon biset,Bellis perennis,48.868540449082566,2.368072177897944,bird,uncommon
Coccinelle,Coccinella septempunctata,44.82899441732648,-0.5753152586103277,plant,rare
Platane,Taraxacum officinale,48.8709592469924,2.343121554772528,fungus,uncommon
Pâquerette,Trifolium repens,43.30777520719554,5.366544239413507,plant,common
Pigeon biset,Hedera helix,48.84578412405501,2.349032198919114,fungus,uncommon
Merle noir,Platanus × acerifolia,45.75188476350026,4.842612240909292,insect,common
Coccinelle,Quercus robur,43.60061645789329,3.8684002478615453,tree,uncommon
Pigeon biset,Taraxacum officinale,48.83743532837508,2.3673187926927413,plant,rare
Chêne pédonculé,Passer domesticus,45.778123703068914,4.838441688185489,fungus,uncommon
Abeille,Turdus merula,44.847557512239774,-0.5695734326785633,tree,common
Lierre,Apis mellifera,43.616785516124104,3.8837684894253184,tree,common
Pissenlit,Taraxacum officinale,43.60554855197818,3.8902304878208875,fungus,rare
Tilleul,Platanus × acerifolia,43.30855175977073,5.372340909664058,plant,rare
Pigeon biset,Columba livia,43.29319201786787,5.369709650016151,insect,common
Merle noir,Trifolium repens,43.315509688634634,5.376973440236992,insect,common
Champignon de pelouse,Turdus merula,43.59516624840284,3.8611742963725497,bird,rare
Moineau domestique,Passer domesticus,43.30993982807042,5.356362850294853,insect,uncommon
Abeille,Passer domesticus,44.82073568523202,-0.571988512166787,tree,uncommon
Chêne pédonculé,Turdus merula,50.63915403835783,3.03806731482209,fungus,uncommon
Moineau domestique,Tilia cordata,44.82392062223491,-0.5744606115423241,tree,uncommon
Tilleul,Acer campestre,44.822780785104854,-0.5650156712881113,fungus,uncommon
Ortie,Trifolium repens,48.871732107551516,2.349362726123842,tree,rare
Pigeon biset,Urtica dioica,44.824482164900914,-0.5861521629324999,tree,uncommon
Chêne pédonculé,Acer campestre,45.7772720341218,4.82277603095521,fungus,uncommon
Trèfle blanc,Platanus × acerifolia,43.61185727384315,3.8879477954769714,bird,rare
Coccinelle,Taraxacum officinale,50.635699742499945,3.0642911312738295,fungus,uncommon
Abeille,Bellis perennis,48.85431142872997,2.370573908545416,insect,common
Merle noir,Taraxacum officinale,48.876148281481846,2.3473100865456655,tree,rare
Merle noir,Quercus robur,43.30523549108971,5.365252627504209,insect,rare
Pigeon biset,Acer campestre,43.289150809071245,5.3527107022923825,plant,rare
Moineau domestique,Agaricus campestris,43.298990029448824,5.36881499343598,insect,rare
Érable champêtre,Trifolium repens,44.83390249597458,-0.5608535473834984,plant,common
Pigeon biset,Turdus merula,50.60949140852196,3.044759617596855,insect,rare
Ortie,Quercus robur,43.30353965632324,5.379113032750401,fungus,rare
Lierre,Taraxacum officinale,50.6103494774759,3.0443222142293704,insect,common
Pigeon biset,Platanus × acerifolia,43.60769436999637,3.8726056542235185,fungus,common
Chêne pédonculé,Agaricus campestris,48.875844231880784,2.3374571921404708,insect,rare
Pâquerette,Turdus merula,45.76919235092194,4.846769073659501,insect,rare
Merle noir,Columba livia,44.84055343980613,-0.5602450824835208,plant,uncommon
Platane,Tilia cordata,45.76550193335681,4.8541135852863455,plant,rare
Trèfle blanc,Urtica dioica,45.75550679992276,4.826198289540085,fungus,uncommon
Pissenlit,Apis mellifera,44.85133248360545,-0.566858324187846,insect,rare
Trèfle blanc,Urtica dioica,43.2829330712663,5.355231155981046,tree,rare
Platane,Trifolium repens,43.60320537400945,3.878060538894208,tree,common
Tilleul,Turdus merula,45.76052102067998,4.82858528811223,bird,uncommon
Chêne pédonculé,Taraxacum officinale,50.64455879802125,3.055473780716882,plant,common
Chêne pédonculé,Passer domesticus,45.755690189481626,4.8521045042456805,tree,common
Trèfle blanc,Urtica dioica,44.8383343404818,-0.5989760536225256,bird,rare
Pigeon biset,Coccinella septempunctata,48.86832439268887,2.3694886516420817,insect,rare
Moineau domestique,Coccinella septempunctata,43.622011977717726,3.860278144437187,fungus,rare
Tilleul,Apis mellifera,45.76603551745401,4.840558711289515,plant,common
Moineau domestique,Apis mellifera,43.30413060884586,5.358888285736824,fungus,rare
Moineau domestique,Coccinella septempunctata,43.2937500028092,5.359247819243611,plant,uncommon
Pigeon biset,Quercus robur,43.301344906406165,5.386478432920743,tree,uncommon
Merle noir,Tilia cordata,50.64307432567964,3.040708599524979,insect,common
Lierre,Trifolium repens,43.61712608287961,3.8936333940311827,bird,rare
Tilleul,Columba livia,45.76426870192626,4.846587300875105,bird,rare
Abeille,Coccinella septempunctata,50.63777279902463,3.0411518230826124,tree,common
Moineau domestique,Platanus × acerifolia,45.76137592847944,4.842971409502617,tree,common
Pissenlit,Taraxacum officinale,43.59596745264007,3.8694355196976087,bird,common
Coccinelle,Platanus × acerifolia,43.285768867555895,5.360152003033669,plant,rare
Tilleul,Bellis perennis,43.607980881954404,3.8723283588933315,plant,rare
Pigeon biset,Columba livia,48.8483015033122,2.3495612473859713,insect,rare
Ortie,Passer domesticus,48.838712785433415,2.335874647602208,tree,rare
Trèfle blanc,Quercus robur,50.61530325290743,3.0640995686568853,bird,common
Tilleul,Taraxacum officinale,43.2823900319189,5.376108276384464,plant,common
Platane,Tilia cordata,43.60937491691921,3.8711327763774523,fungus,rare
Merle noir,Coccinella septempunctata,43.27898895126023,5.36107997482518,plant,common
Chêne pédonculé,Acer campestre,43.307686470309676,5.368190852112828,tree,uncommon
Champignon de pelouse,Bellis perennis,48.84323561576035,2.3654678693058933,bird,uncommon
Tilleul,Passer domesticus,44.82765279856383,-0.5756811784567432,bird,common
Champignon de pelouse,Columba livia,43.29636743173619,5.356674866851746,tree,rare
Platane,Urtica dioica,43.61218043333746,3.8657632177260624,bird,rare
Platane,Quercus robur,43.30539639689716,5.380623247190504,fungus,rare
Coccinelle,Tilia cordata,48.84899623524208,2.338093510743756,tree,uncommon
Pissenlit,Hedera helix,43.62261993280034,3.8912483649796648,fungus,rare
Merle noir,Urtica dioica,43.616938742418164,3.8890631550778334,tree,uncommon
Pissenlit,Taraxacum officinale,45.77192755039809,4.822522736758018,tree,rare
Merle noir,Apis mellifera,43.30726919891301,5.349883031731838,tree,uncommon
Abeille,Quercus robur,44.81783133073958,-0.5667474464472775,bird,common
Pissenlit,Agaricus campestris,43.62084345731294,3.8789814458700658,plant,common
Moineau domestique,Taraxacum officinale,43.313291282021154,5.356848359776417,plant,rare
Pissenlit,Hedera helix,44.83367366940933,-0.5947492618269519,tree,rare
Merle noir,Taraxacum officinale,48.85858723457776,2.364836788312114,tree,common
Merle noir,Agaricus campestris,43.62225043884946,3.8945639634952673,fungus,uncommon
Lierre,Platanus × acerifolia,50.63187013619571,3.058199822872124,bird,rare
Abeille,Acer campestre,44.857470493486694,-0.5894918929378756,fungus,rare
Pissenlit,Urtica dioica,43.62288497925143,3.8775853711121044,plant,rare
Abeille,Taraxacum officinale,43.29792826812208,5.387851421406323,insect,uncommon
Trèfle blanc,Platanus × acerifolia,44.84196180515961,-0.5940737560707755,tree,uncommon
Lierre,Urtica dioica,48.874879236782704,2.336746850547753,bird,common
Trèfle blanc,Urtica dioica,43.29941485303692,5.382004039455806,plant,uncommon
Lierre,Platanus × acerifolia,44.840802938250114,-0.5797164144396697,bird,uncommon
Merle noir,Passer domesticus,43.627905509213306,3.8940379604669952,fungus,uncommon
Trèfle blanc,Agaricus campestris,45.75791554328865,4.848992853949547,fungus,common
Ortie,Turdus merula,43.62475511585243,3.889472393838053,plant,uncommon
Moineau domestique,Quercus robur,43.62986531888898,3.8739108027619436,insect,uncommon
Moineau domestique,Apis mellifera,43.61166040158853,3.8830985302844137,insect,rare
Lierre,Agaricus campestris,43.607814262409676,3.895088588330795,plant,common
Érable champêtre,Taraxacum officinale,45.770703040344536,4.833278837677688,plant,rare
Pissenlit,Agaricus campestris,48.848957378761035,2.342418867297065,tree,uncommon
Merle noir,Agaricus campestris,44.82176631177227,-0.5773478949539579,tree,rare
Moineau domestique,Bellis perennis,43.6133294133974,3.8956121681252935,tree,rare
Chêne pédonculé,Turdus merula,44.85763129734242,-0.5696826146599088,tree,uncommon
Platane,Quercus robur,45.75673789485533,4.853622643304571,tree,common
Pissenlit,Columba livia,50.63281492864074,3.069584581570641,plant,common
Champignon de pelouse,Taraxacum officinale,48.84098148522411,2.3374005946774536,insect,rare
Champignon de pelouse,Hedera helix,50.64672681628361,3.073243244714436,plant,uncommon
Trèfle blanc,Passer domesticus,48.85193424883683,2.3632960129960066,plant,rare
Champignon de pelouse,Platanus × acerifolia,43.280980152170656,5.37417123901265,fungus,uncommon
Pigeon biset,Turdus merula,44.842024851181996,-0.5769560147677352,insect,rare
Pissenlit,Acer campestre,43.276964097213,5.351804759226014,plant,common
Champignon de pelouse,Tilia cordata,44.84847483299509,-0.585973109289046,insect,common
Merle noir,Bellis perennis,43.62661646849669,3.862059411293363,insect,rare
Trèfle blanc,Trifolium repens,48.851336901243116,2.34894850125886,bird,common
Coccinelle,Hedera helix,43.31568472043959,5.364603410640393,plant,common
Abeille,Passer domesticus,44.84924825233272,-0.5952865534097285,insect,rare
Merle noir,Bellis perennis,48.86879599962337,2.350241192260509,bird,common
Champignon de pelouse,Columba livia,43.631457986751194,3.8673860094886554,insect,common
Champignon de pelouse,Urtica dioica,43.312910479750684,5.356069116170726,insect,common
Pissenlit,Tilia cordata,44.83252085402379,-0.5689597927067035,insect,rare
Pigeon biset,Columba livia,45.76900339186609,4.849774176931311,fungus,rare
Chêne pédonculé,Acer campestre,50.62882666802193,3.0399717850058066,bird,common
Pissenlit,Urtica dioica,48.85964075932084,2.362330095303097,insect,rare
Ortie,Quercus robur,43.28514737056338,5.352695764410288,tree,common
Trèfle blanc,Columba livia,48.8422743008069,2.361456137580737,plant,rare
Champignon de pelouse,Tilia cordata,43.30729313702219,5.36235778141914,insect,rare
Pigeon biset,Hedera helix,43.630330079071534,3.8621934567288294,tree,uncommon
Coccinelle,Platanus × acerifolia,43.296372295727195,5.370045786346173,fungus,uncommon
Abeille,Quercus robur,44.83876081333701,-0.5906314296736842,fungus,common
Pissenlit,Columba livia,48.8463113602406,2.3647648715622123,insect,uncommon
Platane,Hedera helix,45.77382760035894,4.8255770710960055,insect,common
Champignon de pelouse,Trifolium repens,45.74487598915642,4.839648507965216,insect,uncommon
Lierre,Passer domesticus,44.819994756932324,-0.5628187192239011,insect,common
Pissenlit,Turdus merula,44.85189916032433,-0.5868936037883186,insect,rare
Pâquerette,Quercus robur,45.782558947928806,4.8277751933129,insect,rare
Pigeon biset,Passer domesticus,45.754370848221846,4.8216192133770885,fungus,uncommon
Pissenlit,Apis mellifera,44.827461869204726,-0.596230318775829,insect,uncommon
Coccinelle,Taraxacum officinale,43.612153146600306,3.8601886990281327,insect,uncommon
Chêne pédonculé,Columba livia,43.61966747026048,3.878262481490772,bird,rare
Pissenlit,Taraxacum officinale,43.62602427083946,3.886668232534597,bird,rare
Merle noir,Columba livia,48.83987312429737,2.3443608883440543,bird,uncommon
Coccinelle,Trifolium repens,43.281346703490655,5.374046026495222,bird,rare
Tilleul,Passer domesticus,43.612830277243546,3.8750851876176995,plant,common
Champignon de pelouse,Passer domesticus,50.64605918207302,3.0415862115594066,fungus,uncommon
Moineau domestique,Taraxacum officinale,50.64342096238182,3.0430382972481937,tree,rare
Coccinelle,Hedera helix,44.83867027695238,-0.5820706793472502,fungus,uncommon
Érable champêtre,Acer campestre,45.77150840394055,4.846110690359507,fungus,common
Platane,Tilia cordata,44.83098189049546,-0.5691392239667825,tree,rare
Érable champêtre,Hedera helix,48.84265887020687,2.338903727634717,insect,uncommon
Pigeon biset,Platanus × acerifolia,44.828915866767325,-0.5696514809308103,insect,rare
Coccinelle,Urtica dioica,45.76899007039958,4.837018613126603,plant,rare
Champignon de pelouse,Hedera helix,45.78223237937041,4.846247752010208,tree,rare
Coccinelle,Platanus × acerifolia,43.59778058880793,3.8752995634677068,insect,rare
Pigeon biset,Platanus × acerifolia,48.858581995504345,2.3332172988632904,bird,common
Pâquerette,Taraxacum officinale,48.844786012053646,2.3673074198638515,bird,rare
Merle noir,Tilia cordata,45.78042957296962,4.841464804588941,fungus,rare
Lierre,Turdus merula,44.822679228421904,-0.5680408930969881,tree,common
Coccinelle,Turdus merula,43.3024096249787,5.356424459379842,fungus,common
Coccinelle,Hedera helix,43.593023589134404,3.862411401969016,tree,rare
Érable champêtre,Turdus merula,43.60413451083862,3.8764679190206994,insect,common
Moineau domestique,Urtica dioica,43.60388485117145,3.8782745489937813,plant,common
Champignon de pelouse,Passer domesticus,43.284507233136196,5.358254407051173,bird,uncommon
Champignon de pelouse,Trifolium repens,44.83215361352319,-0.5638598120218817,fungus,uncommon
Champignon de pelouse,Passer domesticus,45.75667226103744,4.840411724621326,plant,common
Merle noir,Agaricus campestris,43.630607487716865,3.87538595533106,insect,rare
Érable champêtre,Passer domesticus,44.83061623364882,-0.5710695506625726,plant,common
Trèfle blanc,Columba livia,48.861612167126,2.342795898137961,tree,uncommon
Tilleul,Trifolium repens,45.77837932330227,4.824722975823596,fungus,common
Érable champêtre,Columba livia,50.63809730113517,3.062067755377354,fungus,common
Coccinelle,Platanus × acerifolia,45.74945669756413,4.829885056381555,fungus,rare
Pissenlit,Quercus robur,45.77011194974181,4.822946356888655,bird,common
Ortie,Coccinella septempunctata,50.63168569074542,3.0593873689439275,insect,rare
Platane,Columba livia,43.60098011244008,3.8848328297911294,bird,rare
Pissenlit,Taraxacum officinale,44.834820620261674,-0.5864143498390382,insect,rare
Tilleul,Coccinella septempunctata,43.59246033566186,3.8635867471731578,tree,uncommon
Platane,Bellis perennis,45.754576200920624,4.817231451323147,bird,uncommon
Chêne pédonculé,Hedera helix,43.61039776929722,3.869072379620409,fungus,rare
Lierre,Taraxacum officinale,44.85750207669366,-0.5894336887457674,fungus,rare
Moineau domestique,Platanus × acerifolia,43.287796459662545,5.386691983237457,insect,rare
Abeille,Platanus × acerifolia,50.61266686620063,3.0656579917592217,insect,uncommon
Tilleul,Tilia cordata,43.62299658732672,3.8693520657568192,fungus,common
Moineau domestique,Quercus robur,48.87608084058339,2.343966633567321,plant,rare
Coccinelle,Columba livia,50.62292997527981,3.0410082215406367,bird,rare
Pissenlit,Agaricus campestris,45.77513477996632,4.8233890564948085,insect,rare
Pigeon biset,Urtica dioica,50.64844208972733,3.0624399089586207,fungus,uncommon
Pâquerette,Passer domesticus,48.855493239860316,2.352045954040622,fungus,common
Pissenlit,Coccinella septempunctata,45.76208904199731,4.852933979540144,fungus,uncommon
Champignon de pelouse,Turdus merula,50.63807704439885,3.0449247022284545,fungus,rare
Érable champêtre,Apis mellifera,50.62220652759863,3.0675591435061866,plant,common
Champignon de pelouse,Platanus × acerifolia,43.62372857634377,3.8759414891097066,fungus,rare
Pigeon biset,Agaricus campestris,43.60731902970844,3.8808946377681974,bird,uncommon
Pâquerette,Taraxacum officinale,43.605882582139046,3.8870801987523778,plant,uncommon
Trèfle blanc,Tilia cordata,50.6225414016228,3.057959870710253,tree,uncommon
Érable champêtre,Platanus × acerifolia,45.76085127899597,4.821991487209211,plant,uncommon
Platane,Hedera helix,44.83912151020945,-0.5615364154251129,insect,rare
Coccinelle,Columba livia,43.30242814091827,5.3884835588134505,fungus,common
Lierre,Hedera helix,48.85659671523696,2.337884873403099,plant,common
Champignon de pelouse,Coccinella septempunctata,43.624041882247724,3.8950012142350374,bird,rare
Coccinelle,Trifolium repens,43.63027679756037,3.8900891433321023,insect,uncommon
Platane,Trifolium repens,45.75248462414668,4.830841548217118,fungus,common
Pâquerette,Coccinella septempunctata,48.866807005311166,2.3439680550744426,insect,rare
Abeille,Acer campestre,48.86029766162728,2.3695709299340977,bird,uncommon
Tilleul,Taraxacum officinale,44.8312125759064,-0.5972598792518342,plant,rare
Coccinelle,Turdus merula,48.87659064718133,2.3322289835249883,tree,uncommon
Lierre,Columba livia,50.63101946779229,3.0743440129655526,fungus,rare
Coccinelle,Acer campestre,44.82972295235635,-0.5954646889000788,insect,common
Érable champêtre,Platanus × acerifolia,43.30457495783636,5.383918664160316,fungus,uncommon
Moineau domestique,Turdus merula,44.82155145286221,-0.5949485728261958,bird,uncommon
Coccinelle,Turdus merula,45.775604173150306,4.8440158448522554,insect,uncommon
Coccinelle,Taraxacum officinale,43.6186929327794,3.8951317480730827,tree,common
Trèfle blanc,Quercus robur,43.28915992484983,5.388678409717403,plant,common
Ortie,Trifolium repens,44.83526447865439,-0.590539061009139,fungus,rare
Platane,Taraxacum officinale,43.296060851823334,5.380148701450543,fungus,uncommon
Érable champêtre,Turdus merula,43.602282162779765,3.8773836125401453,bird,rare
Merle noir,Urtica dioica,45.7539875619559,4.824834745627738,tree,uncommon
Ortie,Hedera helix,50.62473332020973,3.0526208301636526,plant,uncommon
Pâquerette,Hedera helix,48.86566832385796,2.3599951691711376,bird,uncommon
Pissenlit,Taraxacum officinale,44.8390371347384,-0.5794310132097927,tree,uncommon
Pissenlit,Agaricus campestris,45.768825905742624,4.836218132963521,tree,uncommon
Moineau domestique,Turdus merula,43.30118932432288,5.361595008326816,insect,uncommon
Champignon de pelouse,Trifolium repens,48.855012208286276,2.3494769215010742,fungus,uncommon
Ortie,Columba livia,45.757099224012144,4.822308076235432,bird,uncommon
Lierre,Taraxacum officinale,43.27700665575611,5.357114086595345,fungus,rare
Trèfle blanc,Acer campestre,45.76978030963715,4.855396709861158,fungus,uncommon
Platane,Passer domesticus,43.60401480098791,3.885456307137883,plant,common
Lierre,Taraxacum officinale,43.61434627558499,3.879250992458154,insect,uncommon
Trèfle blanc,Taraxacum officinale,48.85183975046056,2.3642223346960214,bird,common
Champignon de pelouse,Turdus merula,48.86931717655023,2.335236215025659,tree,uncommon
Platane,Passer domesticus,45.77192900059444,4.838244259027891,fungus,rare
Abeille,Columba livia,43.30307253482804,5.355430725465448,plant,rare
Pâquerette,Trifolium repens,43.28578340489852,5.356095011469918,plant,common
Pâquerette,Quercus robur,48.86332194132201,2.3636693621416938,plant,uncommon
Tilleul,Apis mellifera,45.77354529215456,4.840838317094415,plant,rare
Trèfle blanc,Apis mellifera,50.61293998716319,3.0660004714716345,insect,common
Platane,Coccinella septempunctata,43.29064959498437,5.359932492089147,tree,rare
Ortie,Turdus merula,45.76176445337065,4.819208132969465,tree,uncommon
Lierre,Tilia cordata,50.643481599606716,3.0447460549213554,tree,common
Érable champêtre,Coccinella septempunctata,43.592344198944865,3.868683402961392,bird,rare
Tilleul,Coccinella septempunctata,43.59865842867193,3.861499372098362,bird,common
Platane,Tilia cordata,48.84376219155666,2.3679208336774007,insect,rare
Coccinelle,Apis mellifera,48.870225840602345,2.346864699643281,fungus,rare
Tilleul,Tilia cordata,48.87197705433232,2.339351139920906,insect,uncommon
Ortie,Bellis perennis,45.773252380845555,4.85198350391839,plant,common
Pâquerette,Acer campestre,43.2973745690187,5.380094846126172,bird,uncommon
Pigeon biset,Columba livia,43.294548723836314,5.385932030107384,bird,uncommon
Ortie,Quercus robur,44.832793440404735,-0.589271482916461,fungus,rare
Tilleul,Apis mellifera,45.77039537440391,4.816080045332104,insect,rare
Lierre,Passer domesticus,43.60286349935657,3.8677195913043865,insect,uncommon
Pissenlit,Hedera helix,45.75021349952485,4.849743105103032,insect,uncommon
Trèfle blanc,Acer campestre,43.62401671453015,3.8887010311474977,tree,uncommon
Pigeon biset,Agaricus campestris,50.61904740848134,3.061023997716475,tree,rare
Coccinelle,Taraxacum officinale,48.85312179362568,2.349166683566398,insect,rare
Pissenlit,Trifolium repens,50.61970187169179,3.0432889854741125,fungus,uncommon
Pissenlit,Passer domesticus,43.28806973408659,5.377714057856564,bird,uncommon
Tilleul,Taraxacum officinale,50.62994900919356,3.0701237068687703,fungus,rare
Pissenlit,Columba livia,48.86138965052502,2.3691607448239305,plant,common
Pâquerette,Turdus merula,50.63263913278949,3.0470153777078153,bird,common
Trèfle blanc,Tilia cordata,50.63664420884665,3.0509472162148246,tree,rare
Trèfle blanc,Passer domesticus,45.76255637217956,4.827171016412598,tree,uncommon
Pissenlit,Apis mellifera,48.83682054926281,2.3701163457836,bird,rare
Tilleul,Taraxacum officinale,44.837872464811575,-0.572545404026318,fungus,common
Ortie,Turdus merula,43.31489891434204,5.388405952400529,tree,common
Chêne pédonculé,Urtica dioica,45.78310864476926,4.849710342624257,plant,uncommon
Chêne pédonculé,Passer domesticus,50.63983933657175,3.0634126246734117,fungus,common
Pissenlit,Apis mellifera,50.64388301651599,3.0666366975018278,fungus,common
Coccinelle,Turdus merula,48.87462626334252,2.364862689642779,fungus,uncommon
Chêne pédonculé,Bellis perennis,43.597935891086586,3.8620423062164817,bird,common
Moineau domestique,Bellis perennis,48.851101635168305,2.3353109043972387,fungus,common
Tilleul,Apis mellifera,43.598469336512736,3.8896338263233288,insect,common
Coccinelle,Tilia cordata,44.82027103404518,-0.5932283318896671,insect,common
Coccinelle,Passer domesticus,43.59408448703535,3.867535539151291,fungus,uncommon
Abeille,Hedera helix,45.76479908107207,4.85498668487113,plant,uncommon
Moineau domestique,Columba livia,44.826421630216565,-0.5819746248795952,fungus,uncommon
Platane,Turdus merula,43.60088374668685,3.8792975801774032,insect,uncommon
Lierre,Passer domesticus,43.60324856137419,3.8600939837770216,tree,rare
Pissenlit,Passer domesticus,50.62491456459865,3.06566731344794,tree,common
Pissenlit,Bellis perennis,44.82802399610455,-0.5671520881117273,bird,uncommon
Pigeon biset,Urtica dioica,45.76210820082174,4.82385620764701,fungus,rare
Tilleul,Tilia cordata,43.30958804006628,5.353635516841511,insect,common
Pigeon biset,Tilia cordata,43.288336364681804,5.38925699113253,bird,rare
Lierre,Urtica dioica,50.64389107858701,3.0608493331445423,bird,common
Tilleul,Platanus × acerifolia,43.30090505391808,5.368275316398872,bird,rare
Pâquerette,Trifolium repens,48.876399829476256,2.368875074075762,fungus,uncommon
Ortie,Hedera helix,44.83958530984059,-0.5644908566723578,insect,rare
Pigeon biset,Urtica dioica,48.86784170161492,2.367100692531229,insect,uncommon
Lierre,Passer domesticus,43.29614061769526,5.370676893412262,fungus,rare
Abeille,Taraxacum officinale,43.6177220808777,3.8683997038311153,bird,common
Tilleul,Trifolium repens,43.31183315333054,5.357237629811635,fungus,common
Platane,Passer domesticus,43.63170036024928,3.8861203920974425,bird,rare
Tilleul,Bellis perennis,50.63085599242276,3.0457757635308926,bird,common
Tilleul,Hedera helix,48.83891763140681,2.3484367068111256,fungus,common
Tilleul,Turdus merula,48.83782293831649,2.3495101748541134,fungus,common
Coccinelle,Hedera helix,43.593280994462965,3.8791571342028353,tree,uncommon
Moineau domestique,Turdus merula,43.61397765904907,3.8747127624285937,tree,rare
Pâquerette,Quercus robur,50.6303387174777,3.0478703518238803,plant,uncommon
Coccinelle,Trifolium repens,50.634827851009376,3.070062522610471,plant,uncommon
Coccinelle,Turdus merula,43.309361306256825,5.36082494704413,plant,uncommon
Abeille,Acer campestre,50.64429120240867,3.049633238069877,bird,common
Ortie,Hedera helix,45.75193879452175,4.828945311379669,plant,rare
Trèfle blanc,Quercus robur,43.591913661898225,3.8875084650936875,insect,rare
Platane,Urtica dioica,48.84034331778377,2.36402952935324,tree,uncommon
Trèfle blanc,Platanus × acerifolia,44.83591587039372,-0.5896903036591494,plant,uncommon
Moineau domestique,Trifolium repens,44.82568300852896,-0.5664892129294552,bird,uncommon
Tilleul,Columba livia,43.29171215482511,5.376306616549439,fungus,rare
Chêne pédonculé,Apis mellifera,45.78013661021632,4.837284039943809,plant,rare
Moineau domestique,Platanus × acerifolia,43.615822339438104,3.8812247651122753,bird,rare
Pigeon biset,Trifolium repens,43.29209894811617,5.365150650821584,bird,uncommon
Platane,Passer domesticus,50.633424343232136,3.0718521054684893,plant,uncommon
Lierre,Bellis perennis,43.629293008385524,3.879096398883775,insect,rare
Tilleul,Coccinella septempunctata,48.857156667447676,2.367739026256811,tree,common
Moineau domestique,Platanus × acerifolia,44.845660869329116,-0.5640197979296906,plant,rare
Pigeon biset,Coccinella septempunctata,43.609782434463575,3.889559437403366,bird,common
Moineau domestique,Quercus robur,43.303323409290826,5.368788260750423,plant,uncommon
Ortie,Hedera helix,45.78049365521801,4.853496007049423,insect,rare
Coccinelle,Quercus robur,43.314382461490545,5.37170872632175,tree,uncommon
Platane,Agaricus campestris,48.859552248677694,2.356194482418405,fungus,common
Moineau domestique,Columba livia,48.850293262758164,2.3529820833073476,insect,common
Trèfle blanc,Tilia cordata,43.28778293174698,5.367635581444469,tree,rare
Ortie,Trifolium repens,48.84154079981652,2.3711485967432244,plant,uncommon
Champignon de pelouse,Tilia cordata,45.77078610449239,4.825626312103984,bird,common
Abeille,Taraxacum officinale,43.313080100866955,5.359214998304604,fungus,common
Merle noir,Taraxacum officinale,44.83277521412125,-0.5768956967077052,plant,rare
Trèfle blanc,Columba livia,43.599200002838046,3.8784133392801894,plant,rare
Pigeon biset,Urtica dioica,50.631202781642244,3.040100912349347,tree,uncommon
Coccinelle,Trifolium repens,44.82487244137022,-0.5604470200152132,bird,rare
Lierre,Apis mellifera,43.5966697341371,3.8662258894886996,plant,common
Platane,Bellis perennis,48.86485604927098,2.334324837969449,bird,common
Ortie,Apis mellifera,43.28481544257066,5.35527889525714,bird,uncommon
Platane,Platanus × acerifolia,43.61432792399526,3.891658712724421,bird,uncommon
Trèfle blanc,Urtica dioica,43.6151078612235,3.8831861166053683,tree,rare
Pissenlit,Turdus merula,43.288737768249604,5.371145744216239,plant,uncommon
Chêne pédonculé,Taraxacum officinale,43.62471014996011,3.8714088932000856,fungus,rare
Merle noir,Agaricus campestris,45.78214917685742,4.855286441245821,tree,rare
Merle noir,Urtica dioica,44.83952866122282,-0.579404508296456,plant,rare
Lierre,Bellis perennis,48.876265297075975,2.341612021434602,tree,uncommon
Coccinelle,Tilia cordata,45.75595979889234,4.842076296977614,tree,rare
Tilleul,Apis mellifera,43.30951806772025,5.379606035669316,insect,common
Érable champêtre,Taraxacum officinale,43.288318253966786,5.350914790956458,insect,common
Abeille,Apis mellifera,48.862797005603895,2.3599527736661052,tree,common
Merle noir,Acer campestre,43.28037862898718,5.376166841545138,fungus,rare
Ortie,Urtica dioica,45.762308411314756,4.826041664721607,bird,uncommon
Trèfle blanc,Acer campestre,43.289903354241744,5.3510660527503315,plant,common
Platane,Trifolium repens,45.78303158775645,4.833728523752034,tree,uncommon
Lierre,Urtica dioica,45.76163716592341,4.836463076253585,plant,rare
Platane,Columba livia,44.835643849123855,-0.5871292653309499,bird,rare
Merle noir,Columba livia,50.62389867310504,3.0399578360028774,bird,uncommon
Moineau domestique,Acer campestre,44.85029898440791,-0.585801510333567,bird,uncommon
Pigeon biset,Acer campestre,48.86802035789035,2.3524457419022244,insect,rare
Moineau domestique,Agaricus campestris,43.30180752435876,5.374082452516451,insect,rare
Chêne pédonculé,Urtica dioica,43.603593328229685,3.8657221355032023,insect,common
Trèfle blanc,Urtica dioica,45.7808633311577,4.8482809375549065,fungus,common
Champignon de pelouse,Tilia cordata,50.64842531331265,3.054505757308294,tree,uncommon
Lierre,Agaricus campestris,44.84841667406518,-0.5965668442333614,fungus,rare
Tilleul,Quercus robur,50.62782548859183,3.0661808401920907,fungus,rare
Abeille,Columba livia,50.616226538115264,3.0737433677961397,fungus,uncommon
Platane,Taraxacum officinale,43.61484389945692,3.872892235098379,insect,rare
Pigeon biset,Acer campestre,50.64815076806939,3.0752378842828745,tree,rare
Merle noir,Passer domesticus,50.62059075708506,3.0716898452940384,bird,common
Tilleul,Platanus × acerifolia,43.603575902744225,3.8869347832432926,tree,rare
Chêne pédonculé,Columba livia,45.75057789331202,4.839533458323958,plant,uncommon
Abeille,Agaricus campestris,48.87036311699989,2.3329590347532774,insect,uncommon
Abeille,Acer campestre,43.613595288760266,3.881625075454681,insect,rare
Platane,Columba livia,50.63975319394093,3.0484047305498225,insect,uncommon
Coccinelle,Bellis perennis,43.30607451938679,5.3560664470497175,tree,common
Lierre,Apis mellifera,45.75144186691306,4.822482206958723,insect,uncommon
Érable champêtre,Acer campestre,43.618023428159226,3.8667989931565727,plant,rare
Lierre,Trifolium repens,48.84069227527633,2.3579174473384414,plant,common
Lierre,Passer domesticus,44.844475988819894,-0.5641585748022447,plant,common
Trèfle blanc,Platanus × acerifolia,45.77084115559198,4.8243003405893,fungus,uncommon
Pigeon biset,Taraxacum officinale,44.830426076642375,-0.5723484474880817,insect,rare
Merle noir,Acer campestre,43.30681361514435,5.364538385077482,bird,rare
Abeille,Urtica dioica,43.610354075557225,3.864369566489916,plant,uncommon
Lierre,Trifolium repens,43.61647134951541,3.885714736142845,insect,common
Platane,Acer campestre,43.597793210950535,3.85754897210528,plant,rare
Tilleul,Taraxacum officinale,43.28094788132897,5.37552385544516,insect,rare
Chêne pédonculé,Trifolium repens,50.645847419541326,3.066479328530827,insect,uncommon
Coccinelle,Tilia cordata,45.75848823150163,4.854456403746187,fungus,uncommon
Chêne pédonculé,Tilia cordata,50.63002315832329,3.0735826468019014,bird,rare
Abeille,Platanus × acerifolia,44.82270745162207,-0.5743938642928206,tree,uncommon
Tilleul,Trifolium repens,48.84593422916571,2.3559825913202976,plant,uncommon
Lierre,Turdus merula,43.28606814705143,5.352133567445958,bird,uncommon
Platane,Apis mellifera,48.83974787494571,2.3353521264635293,fungus,common
Pissenlit,Hedera helix,43.303907751068586,5.377205970187262,bird,common
Champignon de pelouse,Quercus robur,44.85418043008675,-0.5762170309204173,tree,common
Coccinelle,Platanus × acerifolia,44.822005642969366,-0.5940737015542171,insect,common
Ortie,Columba livia,44.84764834688673,-0.5971698043180876,bird,common
Pigeon biset,Passer domesticus,43.301710700055004,5.351485122930049,bird,uncommon
Chêne pédonculé,Agaricus campestris,45.78117015029092,4.821361379452644,bird,uncommon
Pâquerette,Urtica dioica,45.76055186941723,4.855474003350403,fungus,uncommon
Moineau domestique,Columba livia,45.76151469897981,4.850130564479733,plant,common
Pigeon biset,Columba livia,45.76051901285053,4.836166054862813,bird,uncommon
Tilleul,Turdus merula,43.6090573439049,3.8969446351138366,tree,uncommon
Lierre,Columba livia,45.7682556699235,4.821520404438972,fungus,uncommon
Ortie,Taraxacum officinale,48.86761711681587,2.3562138250854034,bird,common
Pâquerette,Acer campestre,48.85722263044026,2.352492736045906,insect,uncommon
Tilleul,Bellis perennis,44.83168798084289,-0.570072272260163,tree,uncommon
Abeille,Hedera helix,43.60235391857327,3.885395526430484,bird,uncommon
Moineau domestique,Tilia cordata,48.83899814468685,2.3519014964446585,bird,common
Ortie,Apis mellifera,43.29304400236728,5.367098985377412,insect,rare
Champignon de pelouse,Hedera helix,43.62989562742259,3.8695541818867603,tree,uncommon
Chêne pédonculé,Hedera helix,44.82215178505649,-0.5929611643664372,insect,uncommon
Lierre,Hedera helix,43.31437438220628,5.384243453495895,fungus,rare
Tilleul,Platanus × acerifolia,44.8437624007247,-0.5927269271261371,tree,uncommon
Chêne pédonculé,Apis mellifera,44.856541624469976,-0.5616261997337181,tree,uncommon
Lierre,Trifolium repens,50.612168411502815,3.074228658392232,insect,rare
Chêne pédonculé,Apis mellifera,43.30522813418219,5.357383255893133,bird,rare
Pigeon biset,Urtica dioica,45.78077685561007,4.819573621283932,plant,uncommon
Trèfle blanc,Urtica dioica,44.82716826770214,-0.559946036733329,bird,uncommon
Tilleul,Taraxacum officinale,43.28925126726661,5.379542145558611,bird,uncommon
Trèfle blanc,Trifolium repens,44.84591859624071,-0.5727161204555054,fungus,rare
Pissenlit,Hedera helix,43.27911763571961,5.363421714586552,plant,uncommon
Moineau domestique,Columba livia,48.83826700687895,2.3575105210908336,tree,uncommon
Platane,Acer campestre,43.28642660679465,5.360598800178183,tree,common
Platane,Agaricus campestris,50.63242718668616,3.0681517876596414,plant,common
Lierre,Quercus robur,45.76086024595188,4.829840670877262,fungus,rare
Merle noir,Hedera helix,43.28846614976277,5.381500746207514,insect,rare
Érable champêtre,Acer campestre,50.61934729011095,3.04171024850978,plant,uncommon
Tilleul,Apis mellifera,44.84628307475189,-0.5741483780414258,insect,rare
Pissenlit,Bellis perennis,43.29605437973782,5.355830306443931,fungus,common
Abeille,Columba livia,48.841169464446274,2.368924932962611,tree,rare
Moineau domestique,Columba livia,43.63175213614098,3.869505947047852,plant,rare
Ortie,Quercus robur,43.62564706799251,3.8837066785886893,tree,rare
Merle noir,Apis mellifera,48.837838518260384,2.3388134747312366,plant,rare
Pâquerette,Passer domesticus,45.75272569982062,4.828845434813212,fungus,common
Chêne pédonculé,Hedera helix,44.82137519575339,-0.5616945242283845,insect,common
Coccinelle,Columba livia,48.870441645561826,2.3644003651771404,fungus,uncommon
Tilleul,Hedera helix,45.75454213480178,4.827763969281632,bird,common
Érable champêtre,Hedera helix,44.83018334041034,-0.5689596562649847,tree,common
Coccinelle,Acer campestre,45.74763270938061,4.852609196744251,tree,rare
Tilleul,Turdus merula,50.610272660527464,3.0610908292325902,bird,uncommon
Coccinelle,Taraxacum officinale,48.85987126135076,2.347284916444961,tree,uncommon
Merle noir,Trifolium repens,48.852718504444226,2.3592365506306763,fungus,common
Pâquerette,Urtica dioica,44.84072786632902,-0.5605363001873223,tree,rare
Ortie,Urtica dioica,45.7446727499426,4.832175016412084,tree,rare
Platane,Apis mellifera,44.836091405143236,-0.5609313313238591,fungus,uncommon
Platane,Quercus robur,45.75026683919891,4.823757344397454,fungus,uncommon
Érable champêtre,Taraxacum officinale,43.31150513805295,5.38569380687792,plant,rare
Trèfle blanc,Acer campestre,44.82408205118979,-0.5789669902945472,bird,rare
Pâquerette,Columba livia,45.755481774125116,4.8218753764007785,plant,common
Ortie,Platanus × acerifolia,45.772690158211326,4.842367539109075,plant,uncommon
Pigeon biset,Taraxacum officinale,43.27663029236286,5.375649603862753,plant,common
Platane,Agaricus campestris,43.60297504581507,3.87460920653417,tree,rare
Abeille,Tilia cordata,45.760548199236595,4.819282864963182,bird,common
Érable champêtre,Trifolium repens,45.75874339021883,4.841832781783801,insect,rare
Érable champêtre,Tilia cordata,43.60250280948565,3.8746613515622634,plant,rare
Abeille,Apis mellifera,43.619567994738624,3.8677726138508524,plant,common
Champignon de pelouse,Tilia cordata,43.61386598686952,3.866887133460517,insect,common
Coccinelle,Taraxacum officinale,48.837713696750164,2.350845973639305,plant,uncommon
Tilleul,Trifolium repens,43.59737839012487,3.862892013227991,plant,uncommon
Moineau domestique,Urtica dioica,44.832148059047285,-0.5787520553346507,plant,rare
Platane,Columba livia,50.61797698523778,3.0731090078264804,plant,uncommon
Trèfle blanc,Apis mellifera,45.78359999048498,4.819390174329176,fungus,common
Tilleul,Platanus × acerifolia,45.771957373627544,4.846943645684726,tree,rare
Pâquerette,Apis mellifera,50.640386559097955,3.0430163380823756,plant,common
Ortie,Bellis perennis,45.78103768285741,4.8337595113530325,bird,common
Abeille,Apis mellifera,43.309788901037116,5.377343830882095,tree,common
Coccinelle,Turdus merula,43.61779073564046,3.8966645260761332,plant,rare
Pissenlit,Coccinella septempunctata,44.84180831778398,-0.5963085916760005,tree,uncommon
Trèfle blanc,Coccinella septempunctata,43.294922234192704,5.365790837086739,fungus,common
Ortie,Taraxacum officinale,44.82878537569982,-0.5851760457625821,plant,uncommon
Tilleul,Passer domesticus,48.849181271819276,2.3599990693135786,bird,common
Coccinelle,Agaricus campestris,45.772319220038646,4.830991162650635,tree,common
Ortie,Bellis perennis,48.83769309925411,2.3516806636386787,fungus,rare
Moineau domestique,Trifolium repens,43.2837935604586,5.367275144239708,fungus,common
Lierre,Bellis perennis,45.74422125668088,4.827901271380402,bird,common
Pâquerette,Hedera helix,43.59693845665354,3.8836312214167106,fungus,common
Platane,Taraxacum officinale,48.869600761100834,2.334478466386425,insect,rare
Merle noir,Apis mellifera,44.82733425006752,-0.5595257939264674,fungus,common
Abeille,Platanus × acerifolia,44.8213845662228,-0.5951581183736281,plant,common
Lierre,Taraxacum officinale,50.64160270591536,3.045313468589188,plant,uncommon
Pissenlit,Urtica dioica,50.6248385620315,3.0715985366035317,bird,rare
Pigeon biset,Turdus merula,50.617705779391265,3.072422426533036,tree,rare
Tilleul,Agaricus campestris,50.624379808736805,3.0655919982498125,fungus,rare
Ortie,Urtica dioica,43.622138437891955,3.8753968749259675,insect,common
Moineau domestique,Columba livia,50.644151494530256,3.069775300794135,tree,uncommon
Chêne pédonculé,Apis mellifera,44.83026100932932,-0.5656177754705688,bird,uncommon
Moineau domestique,Trifolium repens,43.27702398853114,5.35526294735895,bird,common
Chêne pédonculé,Bellis perennis,43.60183785446341,3.8710178842605307,fungus,rare
Coccinelle,Bellis perennis,50.63081809001212,3.0725422323564926,insect,rare
Abeille,Passer domesticus,43.60325407177884,3.8745304849954203,bird,rare
Coccinelle,Passer domesticus,45.77338867016667,4.846591316679541,fungus,rare
Coccinelle,Acer campestre,44.844366860051224,-0.5593716525916749,bird,rare
Pissenlit,Turdus merula,43.61998650845927,3.8649359025528507,bird,uncommon
Pissenlit,Hedera helix,50.62933467334643,3.061917078838451,tree,uncommon
Abeille,Bellis perennis,45.771976125467056,4.829172409518627,fungus,common
Chêne pédonculé,Bellis perennis,44.83518350064703,-0.5695575333976818,plant,common
Pigeon biset,Bellis perennis,44.849823410788076,-0.5682265951058146,plant,uncommon
Pissenlit,Taraxacum officinale,45.74663585993288,4.824010592380711,insect,rare
Champignon de pelouse,Acer campestre,48.87217441292781,2.335909812267825,plant,common
Lierre,Hedera helix,45.7671352174598,4.846220364749583,tree,common
Chêne pédonculé,Coccinella septempunctata,44.85767119890131,-0.5636376377856642,fungus,rare
Platane,Apis mellifera,45.74500767737009,4.839429005717627,tree,rare
Champignon de pelouse,Quercus robur,43.62081340702305,3.8899015165466535,fungus,common
Pigeon biset,Tilia cordata,43.30233876872124,5.3593037037698705,bird,uncommon
Coccinelle,Trifolium repens,44.826915049738,-0.5923107299376235,bird,common
Tilleul,Taraxacum officinale,43.2777166175096,5.389081817586625,tree,rare
Pigeon biset,Platanus × acerifolia,44.837350984319556,-0.5740667183039089,insect,rare
Ortie,Coccinella septempunctata,44.85053304801818,-0.5765370353338215,plant,uncommon
Chêne pédonculé,Coccinella septempunctata,50.62352198304686,3.0496354207310183,fungus,common
Coccinelle,Taraxacum officinale,45.76340491199023,4.853465987781877,plant,rare
Trèfle blanc,Tilia cordata,50.63647251486642,3.060047749446282,fungus,rare
Platane,Coccinella septempunctata,44.82183502487439,-0.5893823959867605,tree,rare
Trèfle blanc,Columba livia,44.83342152830254,-0.5857206064982273,fungus,common
Coccinelle,Turdus merula,50.62422135068981,3.057852870806336,bird,common
Pâquerette,Turdus merula,48.838505983959344,2.339512237942666,insect,rare
Tilleul,Agaricus campestris,45.77178378572416,4.819742729037912,insect,rare
Abeille,Acer campestre,43.59893387858456,3.862427213101251,plant,rare
Trèfle blanc,Agaricus campestris,43.30275559352719,5.364823771254519,insect,uncommon
Platane,Agaricus campestris,43.60611263610826,3.872564626637221,tree,common
Pâquerette,Agaricus campestris,44.857384575318584,-0.5953678001483212,tree,uncommon
Trèfle blanc,Quercus robur,44.836348658089015,-0.5655185625957949,plant,rare
Champignon de pelouse,Passer domesticus,45.76831523797439,4.849800799740516,plant,common
Moineau domestique,Columba livia,45.78181305013782,4.826637817553365,fungus,uncommon
Platane,Platanus × acerifolia,43.306741526420865,5.37199382384724,bird,rare
Coccinelle,Apis mellifera,43.28439398853408,5.374506275901556,insect,uncommon
Abeille,Coccinella septempunctata,50.63890930088263,3.0452597226334204,tree,rare
Abeille,Hedera helix,43.288600700900005,5.3750859284093755,tree,rare
Érable champêtre,Hedera helix,50.64411284539698,3.060982723638687,insect,common
Pâquerette,Hedera helix,48.85553789530135,2.365719691849848,insect,uncommon
Pâquerette,Platanus × acerifolia,48.85401394904192,2.3393916486149395,fungus,rare
Pâquerette,Platanus × acerifolia,43.28061068025477,5.381250336596481,fungus,common
Tilleul,Trifolium repens,43.3034392160461,5.3833559941279745,tree,rare
Érable champêtre,Columba livia,50.643900147425306,3.06535901066265,insect,common
Tilleul,Apis mellifera,45.771077015443296,4.816542781803477,plant,common
Lierre,Hedera helix,43.290091289779,5.389396148117534,fungus,uncommon
Pigeon biset,Hedera helix,43.281261166802835,5.372223969562076,bird,common
Abeille,Bellis perennis,45.745882902510935,4.820975820241736,bird,rare
Abeille,Hedera helix,48.871998646748025,2.3584875483239363,fungus,rare
Ortie,Agaricus campestris,45.75801405608067,4.824178796603411,bird,common
Merle noir,Platanus × acerifolia,43.60649055592238,3.894816146056548,bird,rare
Platane,Turdus merula,48.867718883651,2.367952113998176,insect,common
Coccinelle,Hedera helix,48.864544305040106,2.342028546675569,fungus,common
Chêne pédonculé,Coccinella septempunctata,43.602613584596675,3.8855393931787416,plant,common
Abeille,Apis mellifera,44.84796099662992,-0.5646104798173642,tree,common
Abeille,Passer domesticus,45.751861923013095,4.831787430774191,bird,common
Trèfle blanc,Columba livia,50.6272603664499,3.040282886188751,fungus,uncommon
Pigeon biset,Apis mellifera,43.281254559249156,5.358858981978993,fungus,common
Pigeon biset,Turdus merula,48.86288465294222,2.3601523717020387,insect,rare
Pissenlit,Taraxacum officinale,44.85259595633451,-0.5814488080860674,tree,common
Érable champêtre,Urtica dioica,50.62303287060589,3.0739073905030585,insect,common
Champignon de pelouse,Apis mellifera,43.31434410008466,5.3714494035736,insect,rare
Coccinelle,Agaricus campestris,43.59565715426162,3.8755232834618165,bird,uncommon
Abeille,Coccinella septempunctata,50.62255249165025,3.047641755085143,tree,common
Ortie,Platanus × acerifolia,45.76998773469084,4.824994339799737,plant,uncommon
Pissenlit,Turdus merula,43.62743693886585,3.857541329647078,fungus,common
Pigeon biset,Bellis perennis,43.62807959679405,3.896530541935105,bird,uncommon
Pigeon biset,Passer domesticus,48.85297304798445,2.3598810981138856,bird,common
Pigeon biset,Trifolium repens,50.61175110887279,3.063235870357303,bird,rare
Tilleul,Bellis perennis,43.28405138646383,5.380210569004383,bird,uncommon
Pigeon biset,Apis mellifera,48.87274531023179,2.3596086380555548,bird,rare
Moineau domestique,Taraxacum officinale,48.86282910516382,2.351669655516912,fungus,common
Merle noir,Bellis perennis,50.63207955678538,3.052868086578487,bird,common
Pigeon biset,Agaricus campestris,50.62360791298228,3.07037678661906,plant,rare
Merle noir,Turdus merula,48.85515811171426,2.3474804282854187,tree,uncommon
Trèfle blanc,Bellis perennis,43.62189777689448,3.8926076599208375,bird,uncommon
Chêne pédonculé,Acer campestre,43.29027092441554,5.360192082820281,fungus,common
Lierre,Acer campestre,43.30455527998837,5.35393591533165,tree,uncommon
Merle noir,Passer domesticus,44.84900811464252,-0.5749541397971689,tree,common
Abeille,Coccinella septempunctata,50.62194920055174,3.0601603132426085,plant,rare
Lierre,Quercus robur,43.63090315913575,3.886016720788263,insect,common
Pâquerette,Passer domesticus,50.61325649998058,3.037679435544106,plant,uncommon
Pissenlit,Platanus × acerifolia,43.301620207902424,5.372022361461711,plant,common
Pissenlit,Turdus merula,48.83944811516472,2.37160361523033,bird,uncommon
Pigeon biset,Urtica dioica,50.616787890771,3.0690313085878325,bird,common
Tilleul,Columba livia,44.83232966083601,-0.5618078418702557,plant,rare
Moineau domestique,Bellis perennis,50.648036500790774,3.055791854984827,insect,rare
Pâquerette,Turdus merula,50.61201583377928,3.0443615875480265,bird,uncommon
Coccinelle,Urtica dioica,45.745001141823074,4.850384509319243,tree,rare
Trèfle blanc,Agaricus campestris,50.62193539102069,3.0465777737377366,insect,common
Abeille,Urtica dioica,43.287927190939506,5.36267338446909,insect,uncommon
Merle noir,Turdus merula,44.83403876095284,-0.5795037611845018,bird,common
Lierre,Apis mellifera,43.59830474180125,3.879003924727489,tree,common
Ortie,Turdus merula,43.62956222634124,3.892357512639964,insect,rare
Trèfle blanc,Bellis perennis,44.81968032247455,-0.578786882022912,plant,rare
Abeille,Apis mellifera,43.6091821084378,3.8928974264068907,insect,rare
Trèfle blanc,Urtica dioica,50.61003428269961,3.044726441148126,fungus,rare
Coccinelle,Coccinella septempunctata,50.64607205556731,3.063625389348203,fungus,uncommon
Merle noir,Hedera helix,43.29816997525368,5.357643010557207,plant,uncommon
Pissenlit,Passer domesticus,48.85983062083408,2.3662443479235216,insect,common
Platane,Passer domesticus,43.59756992082864,3.8773139949466975,insect,uncommon
Coccinelle,Apis mellifera,43.60618465721979,3.8692479410365865,fungus,common
Tilleul,Columba livia,45.7719121032528,4.841111002979192,tree,common
Moineau domestique,Columba livia,50.64524709983102,3.0695972872564976,insect,uncommon
Chêne pédonculé,Columba livia,50.61057700012491,3.0739258834672163,insect,common
Tilleul,Agaricus campestris,50.64087582055191,3.052383572657352,bird,common
Trèfle blanc,Trifolium repens,44.833145461845774,-0.5878089702467263,tree,uncommon
Trèfle blanc,Passer domesticus,44.85145583960153,-0.5970728804959154,tree,rare
Lierre,Columba livia,44.82941666816585,-0.5891096911346548,bird,rare
Pissenlit,Acer campestre,43.3084524630081,5.365732634851577,bird,rare
Abeille,Acer campestre,44.84588181951187,-0.5883776872713049,insect,rare
Pâquerette,Bellis perennis,45.78297380312361,4.8421620155851155,bird,rare
Tilleul,Bellis perennis,45.77512840430451,4.836743889947037,tree,rare
Pâquerette,Acer campestre,50.61836165857313,3.040400908219842,bird,rare
Moineau domestique,Turdus merula,43.60876542832597,3.8854165999032695,bird,rare
Pissenlit,Trifolium repens,48.85301933990699,2.3324407106242533,tree,uncommon
Pâquerette,Agaricus campestris,44.84541907027092,-0.5687633683472337,plant,uncommon
Chêne pédonculé,Coccinella septempunctata,50.62688437353826,3.057741477646566,plant,uncommon
Chêne pédonculé,Passer domesticus,44.85328489316322,-0.5990640523232946,bird,uncommon
Lierre,Coccinella septempunctata,48.872046668635214,2.3673715493482903,tree,rare
Platane,Taraxacum officinale,43.630929147980765,3.892331490848536,plant,uncommon
Ortie,Columba livia,43.62778762924658,3.8971078830844466,fungus,common
Coccinelle,Apis mellifera,43.59876875443713,3.89015788937356,fungus,uncommon
Pigeon biset,Taraxacum officinale,44.84839718460496,-0.5936853039602612,insect,rare
Champignon de pelouse,Passer domesticus,43.59613096691217,3.8950431228969618,fungus,rare
Merle noir,Passer domesticus,44.84412492032444,-0.5650596349346986,bird,uncommon
Pissenlit,Tilia cordata,50.63790706178694,3.0479411005912036,tree,common
Tilleul,Passer domesticus,48.85211220669949,2.3721979622020943,plant,common
Chêne pédonculé,Hedera helix,48.871448566104625,2.3325817070965513,bird,uncommon
Chêne pédonculé,Coccinella septempunctata,45.76379681380848,4.841904748371238,plant,uncommon
Lierre,Urtica dioica,43.623364962047674,3.8710554726295,bird,uncommon
Lierre,Agaricus campestris,44.82471004464977,-0.569495612844576,fungus,common
Abeille,Trifolium repens,48.84751774433732,2.351002265612195,bird,rare
Tilleul,Quercus robur,50.61763404950392,3.0604527308513423,insect,common
Merle noir,Tilia cordata,43.61229906663505,3.861797145066088,plant,rare
Lierre,Bellis perennis,50.61082371670086,3.0655709107056754,tree,rare
Pâquerette,Platanus × acerifolia,43.30174767222264,5.384903103780346,plant,uncommon
Lierre,Platanus × acerifolia,45.75829909333191,4.842810905652073,plant,uncommon
Trèfle blanc,Urtica dioica,48.83802280990081,2.3428204214552273,bird,rare
Érable champêtre,Platanus × acerifolia,48.85854670356414,2.3533294735688393,tree,rare
Platane,Taraxacum officinale,48.871872378045154,2.3373546624498984,insect,rare
Abeille,Trifolium repens,48.856003219401344,2.3662677519759363,tree,rare
Tilleul,Coccinella septempunctata,44.82745515706915,-0.5834121826672504,tree,uncommon
Abeille,Urtica dioica,45.74533263255415,4.849997308070561,tree,common
Pâquerette,Trifolium repens,45.78034838686938,4.831415815069713,fungus,rare
Trèfle blanc,Apis mellifera,45.769008839434825,4.839959525837652,bird,rare
Chêne pédonculé,Trifolium repens,43.27957374361242,5.370087821724984,fungus,rare
Tilleul,Taraxacum officinale,43.61611771648329,3.895243251368008,bird,common
Pigeon biset,Quercus robur,44.85738937637518,-0.583403808524651,fungus,common
Lierre,Quercus robur,44.82472235273959,-0.575052575741788,insect,common
Érable champêtre,Tilia cordata,48.84706081433438,2.3595194449911188,fungus,rare
Abeille,Tilia cordata,48.8531417777433,2.337990900308578,fungus,common
Moineau domestique,Hedera helix,43.28405177196422,5.365771627157567,tree,common
Merle noir,Coccinella septempunctata,48.845397361357705,2.337593748088083,insect,rare
Pigeon biset,Passer domesticus,48.843699065168884,2.3337318079698965,tree,rare
Trèfle blanc,Columba livia,44.81986885391686,-0.5869160569791928,fungus,common
Pigeon biset,Turdus merula,50.64177329691648,3.0480922985264214,bird,rare
Champignon de pelouse,Platanus × acerifolia,43.30092009446865,5.375525514840472,insect,uncommon
Coccinelle,Acer campestre,45.74433135856724,4.832892342406621,bird,uncommon
Moineau domestique,Agaricus campestris,50.63634617264847,3.0458051769020553,fungus,common
Chêne pédonculé,Platanus × acerifolia,45.747341013650086,4.832480996736893,fungus,common
Pissenlit,Columba livia,43.302867210211176,5.387007682765818,plant,rare
Pissenlit,Trifolium repens,44.824136092062496,-0.5950056323668738,plant,uncommon
Coccinelle,Urtica dioica,48.87329041011427,2.3379325964324784,insect,common
Érable champêtre,Quercus robur,45.74573896268453,4.8536358938087245,insect,rare
Platane,Urtica dioica,45.7671473820314,4.824201374159131,plant,uncommon
Coccinelle,Passer domesticus,43.598384747891465,3.8591302437876527,tree,uncommon
Champignon de pelouse,Quercus robur,44.85114115408671,-0.5772207450318638,insect,rare
Tilleul,Apis mellifera,45.769842036095106,4.855595499971725,insect,uncommon
Platane,Columba livia,48.85395895810859,2.3335804327175698,insect,common
Érable champêtre,Coccinella septempunctata,43.594937566752556,3.876922224557187,plant,uncommon
Chêne pédonculé,Apis mellifera,48.863936511554,2.3330609263137356,bird,rare
Érable champêtre,Platanus × acerifolia,48.85494884114568,2.357153476181224,insect,uncommon
Pâquerette,Bellis perennis,48.86424224441216,2.346148942739846,tree,uncommon
Érable champêtre,Apis mellifera,50.61805813976171,3.0654091204720237,plant,uncommon
Trèfle blanc,Hedera helix,43.29152235032974,5.375357415404506,bird,rare
Pâquerette,Quercus robur,50.633802733780584,3.074124725768274,insect,uncommon
Coccinelle,Acer campestre,43.61199077624011,3.8823640400997728,insect,rare
Ortie,Coccinella septempunctata,50.64836503840857,3.0584206426206695,tree,uncommon
Moineau domestique,Agaricus campestris,43.63081958223122,3.8579368799868488,tree,common
Érable champêtre,Columba livia,43.30992418791619,5.367539485897301,fungus,common
Tilleul,Apis mellifera,48.854966078700215,2.3379692008176707,bird,rare
Tilleul,Turdus merula,44.83172915341006,-0.5808416460198518,fungus,uncommon
Platane,Passer domesticus,45.77895740884773,4.8161174659799455,bird,uncommon
Pissenlit,Platanus × acerifolia,44.84228494942275,-0.564524250135559,fungus,uncommon
Pâquerette,Passer domesticus,43.61914510554088,3.858023610959633,plant,uncommon
Trèfle blanc,Trifolium repens,43.618284785026475,3.8928561783310767,plant,rare
Moineau domestique,Passer domesticus,50.62869083725531,3.059886482102112,bird,common
Champignon de pelouse,Platanus × acerifolia,44.85767094062873,-0.5638352636544004,fungus,rare
Pissenlit,Taraxacum officinale,48.87510061055278,2.361308011625461,insect,rare
Platane,Apis mellifera,50.624991674218364,3.070285310467702,plant,common
Pissenlit,Bellis perennis,48.86177746972071,2.3463601790571746,tree,common
Trèfle blanc,Urtica dioica,44.83725861874037,-0.5595776434465948,insect,rare
Abeille,Trifolium repens,45.77184274252162,4.832571894849458,bird,rare
Lierre,Hedera helix,48.85059485871321,2.371728077568353,bird,uncommon
Pissenlit,Passer domesticus,44.83850705058401,-0.5824934864283391,fungus,uncommon
Platane,Columba livia,48.86736059713844,2.3594435331928505,bird,common
Platane,Apis mellifera,43.30974426515916,5.3650129667541115,insect,common
Merle noir,Agaricus campestris,43.281567605427036,5.38567744513241,plant,rare
Champignon de pelouse,Acer campestre,43.62149833676395,3.8602296334236015,insect,common
Pâquerette,Trifolium repens,43.62205808846798,3.89047959022278,bird,uncommon
Pissenlit,Coccinella septempunctata,44.83842012576815,-0.560073803285791,insect,rare
Lierre,Passer domesticus,44.84003826060583,-0.5710935661352635,plant,common
Pissenlit,Coccinella septempunctata,50.62957346773103,3.0475669303109347,fungus,rare
Merle noir,Columba livia,50.61101051276097,3.047530694978647,fungus,rare
Merle noir,Urtica dioica,43.27867381979394,5.3730564148201045,tree,common
Tilleul,Trifolium repens,45.78083750104606,4.839133824336755,plant,uncommon
Platane,Urtica dioica,43.6085478271764,3.864603778714533,plant,common
Merle noir,Hedera helix,43.62879266028653,3.8934650642126702,plant,rare
Platane,Tilia cordata,45.777780572076324,4.827962848673084,plant,common
Chêne pédonculé,Tilia cordata,43.61064135789717,3.8888468899509427,bird,rare
Moineau domestique,Trifolium repens,43.618993667547784,3.8665374628592435,plant,rare
Pigeon biset,Bellis perennis,48.846684430589235,2.345827848270041,bird,uncommon
Chêne pédonculé,Columba livia,45.76770513634421,4.85214148046568,fungus,uncommon
Chêne pédonculé,Agaricus campestris,43.30801925114106,5.369105628031475,plant,rare
Platane,Passer domesticus,45.76613067882443,4.825731476820507,bird,rare
Platane,Hedera helix,43.310359686616714,5.370933961029469,tree,rare
Chêne pédonculé,Quercus robur,45.7662350629447,4.843016119541638,fungus,rare
Abeille,Urtica dioica,43.607612366720716,3.890270956438283,fungus,uncommon
Lierre,Passer domesticus,50.624121364278416,3.071114130348978,plant,rare
Pigeon biset,Platanus × acerifolia,43.59727405045427,3.8948077352909203,plant,uncommon
Trèfle blanc,Apis mellifera,44.818976854465504,-0.5681041476164456,insect,uncommon
Tilleul,Platanus × acerifolia,44.83346114511712,-0.5916946451578426,bird,rare
Abeille,Apis mellifera,43.60354193672914,3.869015411919942,tree,rare
Merle noir,Tilia cordata,43.62907358095784,3.887215680841895,plant,common
Abeille,Passer domesticus,48.843628037493836,2.333907677044791,insect,uncommon
Ortie,Apis mellifera,45.756218716658736,4.835773542739883,bird,rare
Lierre,Platanus × acerifolia,45.75201088553855,4.821661702591879,fungus,rare
Ortie,Apis mellifera,43.28294700296907,5.352091047960544,tree,rare
Pâquerette,Passer domesticus,44.83971521473793,-0.5830822785624161,bird,common
Lierre,Coccinella septempunctata,43.59458892851038,3.8894532002821083,bird,rare
Abeille,Tilia cordata,44.84585390956556,-0.5714527826660256,insect,rare
Merle noir,Apis mellifera,45.75300195264012,4.849783015054233,plant,rare
Pigeon biset,Hedera helix,43.595141820386196,3.8954596790301355,tree,uncommon
Chêne pédonculé,Acer campestre,50.64759443779843,3.048393926105109,plant,uncommon
Érable champêtre,Quercus robur,48.85346559172727,2.3457514134673834,fungus,uncommon
Pissenlit,Hedera helix,43.60077382425435,3.893853714412559,fungus,uncommon
Moineau domestique,Columba livia,44.8258190626292,-0.5919957702169354,insect,uncommon
Ortie,Tilia cordata,43.606578339707674,3.888835433121612,plant,uncommon
Tilleul,Platanus × acerifolia,43.297170750289496,5.385094760810816,insect,rare
Érable champêtre,Turdus merula,44.83274162585249,-0.5607048450436758,bird,common
Merle noir,Columba livia,50.61944391730074,3.0482031915737267,insect,rare
Lierre,Agaricus campestris,43.31284868365582,5.357762912915749,fungus,rare
Pissenlit,Coccinella septempunctata,45.762130799876175,4.825502728484974,insect,uncommon
Trèfle blanc,Taraxacum officinale,48.861211662953146,2.3698230965702405,plant,uncommon
Trèfle blanc,Columba livia,43.61858028766128,3.87631257185859,plant,rare
Champignon de pelouse,Turdus merula,50.63042749928032,3.046290044098522,bird,common
Coccinelle,Acer campestre,50.609410974698136,3.0689020585717657,bird,uncommon
Tilleul,Agaricus campestris,50.64217650080551,3.0596771909991505,plant,uncommon
Abeille,Bellis perennis,50.63290513663064,3.061035773546299,fungus,common
Ortie,Coccinella septempunctata,50.61798374169071,3.050705738337695,fungus,rare
Pigeon biset,Urtica dioica,45.76917669209196,4.828189184190151,fungus,uncommon
Chêne pédonculé,Passer domesticus,48.86443091889255,2.3539998298507396,bird,common
Coccinelle,Apis mellifera,44.84811880012185,-0.5668353067832206,bird,rare
Platane,Agaricus campestris,45.763388944315146,4.825560174251864,tree,common
Champignon de pelouse,Taraxacum officinale,44.855915481931696,-0.5843542135755071,fungus,uncommon
Érable champêtre,Quercus robur,50.62717868609831,3.0703229024536225,insect,common
Platane,Agaricus campestris,43.27908006848607,5.365906396060153,insect,rare
Lierre,Bellis perennis,43.312075333204156,5.3530222902944,bird,uncommon
Trèfle blanc,Columba livia,43.61608095484655,3.8852896747084067,insect,rare
Pissenlit,Bellis perennis,43.29400392767319,5.3532884874132565,plant,uncommon
Trèfle blanc,Turdus merula,43.62296860506211,3.8606400693657466,plant,rare
Pissenlit,Hedera helix,43.280711420328835,5.3585034156342015,bird,common
Pissenlit,Acer campestre,48.86295423267043,2.33281543203704,insect,common
Abeille,Bellis perennis,45.75802672401026,4.844767082028738,plant,common
Pissenlit,Passer domesticus,43.30695319396332,5.369735663706288,tree,rare
Ortie,Turdus merula,48.86302851061996,2.3612109845494675,tree,rare
Trèfle blanc,Passer domesticus,48.85843055452948,2.3349129436555818,fungus,rare
Pâquerette,Taraxacum officinale,43.28196074218914,5.376228730410643,fungus,uncommon
Pâquerette,Bellis perennis,48.857224493824354,2.370415994327886,tree,rare
Abeille,Quercus robur,45.74742099252635,4.841144699998874,fungus,rare
Pissenlit,Bellis perennis,43.28759262866406,5.363247570384916,bird,common
Pâquerette,Taraxacum officinale,48.838925653412296,2.3715071972665918,tree,rare
Coccinelle,Columba livia,50.63767441562463,3.0760464374494476,tree,uncommon
Abeille,Tilia cordata,50.61770128625296,3.0419593932699502,tree,rare
Abeille,Passer domesticus,45.761253531684815,4.84164923853912,tree,rare
Coccinelle,Taraxacum officinale,45.77907712365226,4.822069621908984,insect,rare
Ortie,Apis mellifera,43.29382674765913,5.35634808763243,fungus,common
Pigeon biset,Turdus merula,50.63666669593543,3.068950978289058,plant,rare
Chêne pédonculé,Urtica dioica,43.630849327964526,3.8876480576173043,bird,rare
Tilleul,Coccinella septempunctata,50.62808780631492,3.0710687001930412,fungus,common
Champignon de pelouse,Passer domesticus,45.76726678164395,4.849290570386977,bird,uncommon
Érable champêtre,Columba livia,44.81781591393374,-0.5677416801967666,fungus,uncommon
Merle noir,Agaricus campestris,48.870088539406375,2.3550858500783822,insect,uncommon
Pigeon biset,Trifolium repens,50.63171009477963,3.067701232497727,fungus,common
Platane,Urtica dioica,44.820112900092596,-0.5787567437977694,insect,common
Tilleul,Urtica dioica,48.86728238582497,2.3525528354583125,bird,uncommon
Abeille,Trifolium repens,43.288395012296824,5.384691363508429,insect,rare
Ortie,Platanus × acerifolia,45.76304993424145,4.8370726616822255,tree,uncommon
Lierre,Trifolium repens,50.623420208860246,3.052744605253998,insect,common
Moineau domestique,Acer campestre,48.8416200794867,2.336283523511654,fungus,common
Tilleul,Hedera helix,44.84728169700966,-0.5690643978292586,fungus,rare
Moineau domestique,Passer domesticus,50.625174576282724,3.066588114075074,insect,uncommon
Pigeon biset,Columba livia,45.74687088275107,4.821430217857243,tree,rare
Érable champêtre,Platanus × acerifolia,48.84896009625219,2.362358089867644,tree,common
Chêne pédonculé,Columba livia,43.283615139609665,5.354125403642261,insect,rare
Moineau domestique,Taraxacum officinale,43.30508508899704,5.363866885564291,plant,rare
Abeille,Trifolium repens,48.87548668150816,2.367857520081562,plant,uncommon
Platane,Tilia cordata,43.61974702520931,3.889476273295822,tree,uncommon
Platane,Acer campestre,48.84000798808153,2.3584207236125967,fungus,rare
Trèfle blanc,Apis mellifera,48.86382831841964,2.3403788776513403,plant,common
Champignon de pelouse,Trifolium repens,50.609966812829725,3.069830661353529,insect,uncommon
Platane,Bellis perennis,43.308898830473765,5.3716363832338825,tree,rare
Chêne pédonculé,Hedera helix,43.31102298020718,5.385830338404472,tree,rare
Moineau domestique,Quercus robur,50.6388288239198,3.0730767020014675,bird,uncommon
Abeille,Agaricus campestris,44.83885331412842,-0.5834802407279794,plant,common
Merle noir,Passer domesticus,48.86161425649199,2.3646017983294927,bird,uncommon
Pâquerette,Acer campestre,45.74411161546308,4.817515649572241,insect,rare
Platane,Tilia cordata,45.74623848506963,4.83455101746046,fungus,rare
Champignon de pelouse,Passer domesticus,43.291494647146884,5.377130480361784,bird,uncommon
Coccinelle,Quercus robur,43.6125097821685,3.8964251970430848,plant,uncommon
Moineau domestique,Urtica dioica,43.6251205873649,3.86069429943066,plant,common
Moineau domestique,Platanus × acerifolia,48.86935766678857,2.3330297733139544,tree,common
Champignon de pelouse,Taraxacum officinale,45.77446813000832,4.819730053912273,tree,uncommon
Lierre,Agaricus campestris,48.8501350054389,2.351989779949262,bird,rare
Chêne pédonculé,Turdus merula,48.83846148492994,2.3442771175915404,fungus,uncommon
Merle noir,Taraxacum officinale,44.830847113177406,-0.5937843419213109,insect,common
Abeille,Bellis perennis,44.82154274325922,-0.5964246558585594,plant,common
Pâquerette,Turdus merula,48.839019397768375,2.34310141235301,insect,rare
Pâquerette,Urtica dioica,43.59289397104752,3.8712911854393783,bird,rare
Lierre,Passer domesticus,50.646501820787826,3.0730510523644843,insect,rare
Platane,Agaricus campestris,43.279078296863084,5.3703523048304485,tree,rare
Moineau domestique,Columba livia,43.31264943150394,5.373844545080787,tree,common
Lierre,Tilia cordata,43.28254075434358,5.372728907953106,bird,rare
Coccinelle,Platanus × acerifolia,44.857493518937616,-0.5766638295654745,bird,rare
Platane,Columba livia,50.62281951894589,3.0767751749995287,tree,rare
Champignon de pelouse,Acer campestre,44.846705427789296,-0.5788418733382038,plant,uncommon
Champignon de pelouse,Trifolium repens,48.87356885174089,2.3451918014602713,insect,uncommon
Pissenlit,Tilia cordata,43.27738435136239,5.38712627414656,plant,uncommon
Champignon de pelouse,Coccinella septempunctata,43.629981955687164,3.864931764273855,fungus,uncommon
Platane,Acer campestre,43.2853588945345,5.365153957729743,insect,common
Champignon de pelouse,Apis mellifera,43.60714239228135,3.896153772911585,insect,common
Tilleul,Agaricus campestris,48.84530545308964,2.3655644525552373,insect,rare
Ortie,Acer campestre,48.84967878520945,2.356517557821556,tree,rare
Chêne pédonculé,Apis mellifera,50.61644253121429,3.0650371254780535,tree,common
Tilleul,Columba livia,43.31349966703176,5.3616559449886285,insect,uncommon
Chêne pédonculé,Coccinella septempunctata,43.60762997647159,3.8941642021342906,tree,uncommon
Abeille,Columba livia,48.87382313929476,2.34782699054,tree,common
Pissenlit,Turdus merula,50.61865876846479,3.0688591446859963,fungus,common
Merle noir,Quercus robur,44.85312362371699,-0.5753840761126015,fungus,uncommon
Érable champêtre,Tilia cordata,50.619177408610554,3.0443148621442964,fungus,uncommon
Pigeon biset,Quercus robur,43.618339977450695,3.872720328666596,insect,common
Abeille,Platanus × acerifolia,43.284542541842804,5.363735273658027,tree,rare
Pâquerette,Taraxacum officinale,45.7800943987415,4.828591802163122,insect,uncommon
Pissenlit,Quercus robur,48.848064145411605,2.3563393373049433,plant,rare
Coccinelle,Bellis perennis,44.85244753687206,-0.5741739692716193,tree,uncommon
Abeille,Hedera helix,43.28761029983758,5.350083842488312,bird,rare
Pâquerette,Coccinella septempunctata,50.63053661458757,3.051946275773069,fungus,rare
